-- MySQL dump 10.13  Distrib 5.5.57, for debian-linux-gnu (x86_64)
--
-- Host: 0.0.0.0    Database: c9
-- ------------------------------------------------------
-- Server version	5.5.57-0ubuntu0.14.04.1

/*!40101 SET @OLD_CHARACTER_SET_CLIENT=@@CHARACTER_SET_CLIENT */;
/*!40101 SET @OLD_CHARACTER_SET_RESULTS=@@CHARACTER_SET_RESULTS */;
/*!40101 SET @OLD_COLLATION_CONNECTION=@@COLLATION_CONNECTION */;
/*!40101 SET NAMES utf8 */;
/*!40103 SET @OLD_TIME_ZONE=@@TIME_ZONE */;
/*!40103 SET TIME_ZONE='+00:00' */;
/*!40014 SET @OLD_UNIQUE_CHECKS=@@UNIQUE_CHECKS, UNIQUE_CHECKS=0 */;
/*!40014 SET @OLD_FOREIGN_KEY_CHECKS=@@FOREIGN_KEY_CHECKS, FOREIGN_KEY_CHECKS=0 */;
/*!40101 SET @OLD_SQL_MODE=@@SQL_MODE, SQL_MODE='NO_AUTO_VALUE_ON_ZERO' */;
/*!40111 SET @OLD_SQL_NOTES=@@SQL_NOTES, SQL_NOTES=0 */;

--
-- Table structure for table `groups`
--

DROP TABLE IF EXISTS `groups`;
/*!40101 SET @saved_cs_client     = @@character_set_client */;
/*!40101 SET character_set_client = utf8 */;
CREATE TABLE `groups` (
  `id` int(10) unsigned NOT NULL AUTO_INCREMENT,
  `name` varchar(191) COLLATE utf8_unicode_ci NOT NULL,
  `created_at` timestamp NULL DEFAULT NULL,
  `updated_at` timestamp NULL DEFAULT NULL,
  PRIMARY KEY (`id`)
) ENGINE=InnoDB AUTO_INCREMENT=7 DEFAULT CHARSET=utf8 COLLATE=utf8_unicode_ci;
/*!40101 SET character_set_client = @saved_cs_client */;

--
-- Dumping data for table `groups`
--

LOCK TABLES `groups` WRITE;
/*!40000 ALTER TABLE `groups` DISABLE KEYS */;
INSERT INTO `groups` VALUES (1,'ផែនគ្រប់គ្រងធនធានមនុស្ស','2018-05-10 09:37:11','2018-05-10 09:37:11'),(2,'ផែនសេនាធិការ','2018-05-11 08:06:08','2018-05-11 08:06:08'),(3,'ផែននគរបាលព្រហ្មទណ្ឌ','2018-05-11 08:35:00','2018-05-11 08:35:00'),(4,'ផែនប្រឆាំងបទល្មើស','2018-05-11 09:48:06','2018-05-11 09:48:06'),(5,'ផែនសន្ដិសុខ','2018-05-11 10:11:57','2018-05-11 10:11:57'),(6,'ផែនសណ្ដាប់ធ្នាប់','2018-05-11 10:27:22','2018-05-11 10:27:22');
/*!40000 ALTER TABLE `groups` ENABLE KEYS */;
UNLOCK TABLES;

--
-- Table structure for table `level_officer`
--

DROP TABLE IF EXISTS `level_officer`;
/*!40101 SET @saved_cs_client     = @@character_set_client */;
/*!40101 SET character_set_client = utf8 */;
CREATE TABLE `level_officer` (
  `id` int(10) unsigned NOT NULL AUTO_INCREMENT,
  `officer_id` int(10) unsigned NOT NULL,
  `level_id` int(10) unsigned NOT NULL,
  `office_id` int(11) NOT NULL DEFAULT '0',
  `note` varchar(191) COLLATE utf8_unicode_ci NOT NULL DEFAULT 'empty',
  `created_at` timestamp NULL DEFAULT NULL,
  `updated_at` timestamp NULL DEFAULT NULL,
  PRIMARY KEY (`id`),
  KEY `level_officer_officer_id_foreign` (`officer_id`),
  KEY `level_officer_level_id_foreign` (`level_id`),
  CONSTRAINT `level_officer_level_id_foreign` FOREIGN KEY (`level_id`) REFERENCES `levels` (`id`) ON DELETE CASCADE,
  CONSTRAINT `level_officer_officer_id_foreign` FOREIGN KEY (`officer_id`) REFERENCES `officers` (`id`) ON DELETE CASCADE
) ENGINE=InnoDB AUTO_INCREMENT=366 DEFAULT CHARSET=utf8 COLLATE=utf8_unicode_ci;
/*!40101 SET character_set_client = @saved_cs_client */;

--
-- Dumping data for table `level_officer`
--

LOCK TABLES `level_officer` WRITE;
/*!40000 ALTER TABLE `level_officer` DISABLE KEYS */;
INSERT INTO `level_officer` VALUES (1,1,3,1,'{\"number\":\"7\",\"dates\":\"04\\/01\\/2017\"}','2018-05-10 09:39:00','2018-05-10 09:39:00'),(2,2,4,1,'{\"number\":\"1695\",\"dates\":\"27\\/06\\/2017\"}','2018-05-10 09:39:00','2018-05-10 09:39:00'),(3,3,4,1,'{\"number\":\"2987\\u1794\\u17d2\\u179a\\u1780\",\"dates\":\"08\\/08\\/2014\"}','2018-05-10 09:39:00','2018-05-10 09:39:00'),(4,4,4,1,'{\"number\":\"2987\",\"dates\":\"08\\/08\\/2014\"}','2018-05-10 09:39:00','2018-05-10 09:39:00'),(5,5,4,1,'{\"number\":\"529\",\"dates\":\"08\\/02\\/2018\"}','2018-05-10 09:39:00','2018-05-10 09:39:00'),(9,9,5,1,'{\"number\":\"1695\",\"dates\":\"27\\/06\\/2017\"}','2018-05-10 09:52:54','2018-05-10 09:52:54'),(10,10,6,1,'{\"number\":\"139\",\"dates\":\"06\\/03\\/2017\"}','2018-05-10 09:52:54','2018-05-10 09:52:54'),(11,11,7,1,'{\"number\":\"278\",\"dates\":\"29\\/05\\/2017\"}','2018-05-10 09:52:54','2018-05-10 09:52:54'),(12,12,5,1,'{\"number\":\"10285\",\"dates\":\"22\\/12\\/2015\"}','2018-05-10 09:54:03','2018-05-10 09:54:03'),(13,13,7,1,'{\"number\":\"139\",\"dates\":\"06\\/03\\/2017\"}','2018-05-10 09:54:03','2018-05-10 09:54:03'),(14,14,7,1,'{\"number\":\"278\",\"dates\":\"29\\/05\\/2017\"}','2018-05-10 09:54:03','2018-05-10 09:54:03'),(15,15,6,1,'{\"number\":\"278\",\"dates\":\"29\\/05\\/2017\"}','2018-05-10 09:55:47','2018-05-10 09:55:47'),(16,16,6,1,'{\"number\":\"278\",\"dates\":\"29\\/05\\/2017\"}','2018-05-10 09:55:47','2018-05-10 09:55:47'),(17,17,8,1,'{\"number\":\"44\",\"dates\":\"24\\/01\\/2014\"}','2018-05-10 09:55:47','2018-05-10 09:55:47'),(18,18,6,1,'{\"number\":\"278\",\"dates\":\"29\\/05\\/2017\"}','2018-05-10 09:56:26','2018-05-10 09:56:26'),(19,19,6,1,'{\"number\":\"278\",\"dates\":\"29\\/05\\/2017\"}','2018-05-10 09:56:26','2018-05-10 09:56:26'),(20,20,9,1,'{\"number\":\"203\",\"dates\":\"01\\/04\\/2014\"}','2018-05-10 09:56:26','2018-05-10 09:56:26'),(21,21,6,1,'{\"number\":\"220\",\"dates\":\"01\\/04\\/2014\"}','2018-05-10 09:57:04','2018-05-10 09:57:04'),(22,22,7,1,'{\"number\":\"278\",\"dates\":\"29\\/05\\/2017\"}','2018-05-10 09:57:04','2018-05-10 09:57:04'),(23,23,7,1,'{\"number\":\"220\",\"dates\":\"01\\/04\\/2014\"}','2018-05-10 09:57:04','2018-05-10 09:57:04'),(24,24,5,1,'{\"number\":\"1695\",\"dates\":\"27\\/06\\/2017\"}','2018-05-10 09:58:37','2018-05-10 09:58:37'),(25,25,7,1,'{\"number\":\"66\",\"dates\":\"03\\/03\\/2016\"}','2018-05-10 09:58:38','2018-05-10 09:58:38'),(26,26,7,1,'{\"number\":\"697\",\"dates\":\"29\\/12\\/2016\"}','2018-05-10 09:58:38','2018-05-10 09:58:38'),(27,27,8,1,'{\"number\":\"278\",\"dates\":\"29\\/05\\/2017\"}','2018-05-10 09:58:38','2018-05-10 09:58:38'),(28,28,4,2,'{\"number\":\"3884\\u1794\\u17d2\\u179a\\u1780\",\"dates\":\"03\\/12\\/2013\"}','2018-05-10 09:59:32','2018-05-10 09:59:32'),(29,29,7,2,'{\"number\":\"66\",\"dates\":\"03\\/03\\/2016\"}','2018-05-10 09:59:32','2018-05-10 09:59:32'),(30,30,4,2,'{\"number\":\"5753\\u1794\\u17d2\\u179a\\u1780\",\"dates\":\"03\\/08\\/2016\"}','2018-05-10 09:59:32','2018-05-10 09:59:32'),(31,31,5,2,'{\"number\":\"4575\\u1794\\u17d2\\u179a\\u1780\",\"dates\":\"05\\/05\\/2015\"}','2018-05-10 10:10:35','2018-05-10 10:10:35'),(32,32,7,2,'{\"number\":\"66\",\"dates\":\"03\\/03\\/2016\"}','2018-05-10 10:10:35','2018-05-10 10:10:35'),(33,33,7,2,'{\"number\":\"530\",\"dates\":\"13\\/08\\/2014\"}','2018-05-10 10:12:13','2018-05-10 10:12:13'),(34,34,6,2,'{\"number\":\"47\",\"dates\":\"17\\/01\\/2018\"}','2018-05-10 10:12:13','2018-05-10 10:12:13'),(35,35,8,2,'{\"number\":\"278\",\"dates\":\"29\\/05\\/2017\"}','2018-05-10 10:12:13','2018-05-10 10:12:13'),(36,36,6,2,'{\"number\":\"47\",\"dates\":\"17\\/01\\/2018\"}','2018-05-10 10:12:49','2018-05-10 10:12:49'),(37,37,10,2,'{\"number\":\"278\",\"dates\":\"29\\/05\\/2017\"}','2018-05-10 10:12:49','2018-05-10 10:12:49'),(38,38,6,2,'{\"number\":\"736\",\"dates\":\"06\\/09\\/2005\"}','2018-05-10 10:12:49','2018-05-10 10:12:49'),(39,39,4,3,'{\"number\":\"7711\",\"dates\":\"18\\/10\\/2016\"}','2018-05-11 08:06:48','2018-05-11 08:06:48'),(40,40,4,3,'{\"number\":\"2075\\u1794\\u17d2\\u179a\\u1780\",\"dates\":\"23\\/02\\/2016\"}','2018-05-11 08:06:48','2018-05-11 08:06:48'),(41,41,7,3,'{\"number\":\"219\",\"dates\":\"28\\/03\\/2018\"}','2018-05-11 08:08:19','2018-05-11 08:08:19'),(42,42,7,3,'{\"number\":\"47\",\"dates\":\"17\\/01\\/2018\"}','2018-05-11 08:08:19','2018-05-11 08:08:19'),(43,43,5,3,'{\"number\":\"2232\",\"dates\":\"13\\/02\\/2015\"}','2018-05-11 08:09:01','2018-05-11 08:09:01'),(44,44,6,3,'{\"number\":\"47\",\"dates\":\"17\\/01\\/2018\"}','2018-05-11 08:09:01','2018-05-11 08:09:01'),(45,45,5,3,'{\"number\":\"10285\\u1794\\u17d2\\u179a\\u1780\",\"dates\":\"22\\/12\\/2015\"}','2018-05-11 08:09:35','2018-05-11 08:09:35'),(46,46,6,3,'{\"number\":\"47\",\"dates\":\"17\\/01\\/2018\"}','2018-05-11 08:09:35','2018-05-11 08:09:35'),(47,47,4,4,'{\"number\":\"2987\\u1794\\u17d2\\u179a\\u1780\",\"dates\":\"08\\/08\\/2014\"}','2018-05-11 08:11:12','2018-05-11 08:11:12'),(48,48,4,4,'{\"number\":\"993\",\"dates\":\"16\\/03\\/2018\"}','2018-05-11 08:11:12','2018-05-11 08:11:12'),(49,49,6,4,'{\"number\":\"580\",\"dates\":\"28\\/02\\/2017\"}','2018-05-11 08:11:12','2018-05-11 08:11:12'),(50,50,7,4,'{\"number\":\"47\",\"dates\":\"17\\/01\\/2018\"}','2018-05-11 08:11:55','2018-05-11 08:11:55'),(51,51,6,4,'{\"number\":\"530\",\"dates\":\"13\\/08\\/2014\"}','2018-05-11 08:11:55','2018-05-11 08:11:55'),(52,52,6,4,'{\"number\":\"139\",\"dates\":\"06\\/03\\/2017\"}','2018-05-11 08:12:37','2018-05-11 08:12:37'),(53,53,8,4,'{\"number\":\"197\",\"dates\":\"26\\/03\\/2012\"}','2018-05-11 08:12:37','2018-05-11 08:12:37'),(54,54,7,4,'{\"number\":\"27\",\"dates\":\"27\\/01\\/2015\"}','2018-05-11 08:13:16','2018-05-11 08:13:16'),(55,55,7,4,'{\"number\":\"139\",\"dates\":\"06\\/03\\/2017\"}','2018-05-11 08:13:16','2018-05-11 08:13:16'),(56,56,9,4,'{\"number\":\"139\",\"dates\":\"06\\/03\\/2017\"}','2018-05-11 08:13:16','2018-05-11 08:13:16'),(57,57,4,5,'{\"number\":\"2987\",\"dates\":\"08\\/08\\/2014\"}','2018-05-11 08:14:28','2018-05-11 08:14:28'),(58,58,4,5,'{\"number\":\"2987\",\"dates\":\"08\\/08\\/2014\"}','2018-05-11 08:14:28','2018-05-11 08:14:28'),(59,59,4,5,'{\"number\":\"2987\",\"dates\":\"08\\/08\\/2014\"}','2018-05-11 08:14:28','2018-05-11 08:14:28'),(60,60,6,5,'{\"number\":\"219\",\"dates\":\"28\\/03\\/2018\"}','2018-05-11 08:14:28','2018-05-11 08:14:28'),(61,61,6,5,'{\"number\":\"278\",\"dates\":\"29\\/05\\/2017\"}','2018-05-11 08:15:19','2018-05-11 08:15:19'),(62,62,6,5,'{\"number\":\"278\",\"dates\":\"29\\/05\\/2017\"}','2018-05-11 08:15:19','2018-05-11 08:15:19'),(63,63,10,5,'{\"number\":\"157\",\"dates\":\"20\\/04\\/2015\"}','2018-05-11 08:15:19','2018-05-11 08:15:19'),(64,64,5,5,'{\"number\":\"993\",\"dates\":\"16\\/03\\/2018\"}','2018-05-11 08:16:14','2018-05-11 08:16:14'),(65,65,6,5,'{\"number\":\"219\",\"dates\":\"28\\/03\\/2018\"}','2018-05-11 08:16:14','2018-05-11 08:16:14'),(66,66,8,5,'{\"number\":\"203\",\"dates\":\"01\\/04\\/2014\"}','2018-05-11 08:16:14','2018-05-11 08:16:14'),(67,67,3,6,'{\"number\":\"1685\\u17a2\\u1793\\u1780\\u17d2\\u179a.\\u178f\\u178f\",\"dates\":\"01\\/12\\/2014\"}','2018-05-11 08:18:02','2018-05-11 08:18:02'),(68,68,5,6,'{\"number\":\"993\",\"dates\":\"16\\/03\\/2018\"}','2018-05-11 08:18:02','2018-05-11 08:18:02'),(69,69,4,6,'{\"number\":\"993\",\"dates\":\"16\\/03\\/2018\"}','2018-05-11 08:18:02','2018-05-11 08:18:02'),(70,70,6,6,'{\"number\":\"530\",\"dates\":\"13\\/08\\/2014\"}','2018-05-11 08:18:55','2018-05-11 08:18:55'),(71,71,6,6,'{\"number\":\"278\",\"dates\":\"29\\/05\\/2017\"}','2018-05-11 08:18:55','2018-05-11 08:18:55'),(72,72,6,6,'{\"number\":\"66\",\"dates\":\"03\\/03\\/2016\"}','2018-05-11 08:19:56','2018-05-11 08:19:56'),(73,73,7,6,'{\"number\":\"139\",\"dates\":\"06\\/03\\/2017\"}','2018-05-11 08:19:56','2018-05-11 08:19:56'),(74,74,8,6,'{\"number\":\"278\",\"dates\":\"29\\/05\\/2017\"}','2018-05-11 08:19:56','2018-05-11 08:19:56'),(75,75,6,6,'{\"number\":\"530\",\"dates\":\"13\\/08\\/2014\"}','2018-05-11 08:20:30','2018-05-11 08:20:30'),(76,76,6,6,'{\"number\":\"139\",\"dates\":\"06\\/03\\/2017\"}','2018-05-11 08:20:30','2018-05-11 08:20:30'),(77,77,8,6,'{\"number\":\"278\",\"dates\":\"29\\/05\\/2017\"}','2018-05-11 08:20:30','2018-05-11 08:20:30'),(78,78,4,7,'{\"number\":\"737\",\"dates\":\"27\\/04\\/2011\"}','2018-05-11 08:21:07','2018-05-11 08:21:07'),(79,79,4,7,'{\"number\":\"993\",\"dates\":\"16\\/03\\/2018\"}','2018-05-11 08:21:07','2018-05-11 08:21:07'),(80,80,5,7,'{\"number\":\"993\",\"dates\":\"16\\/03\\/2018\"}','2018-05-11 08:21:07','2018-05-11 08:21:07'),(81,81,5,7,'{\"number\":\"2987\",\"dates\":\"08\\/08\\/2014\"}','2018-05-11 08:22:19','2018-05-11 08:22:19'),(82,82,7,7,'{\"number\":\"47\",\"dates\":\"17\\/01\\/2018\"}','2018-05-11 08:22:19','2018-05-11 08:22:19'),(83,83,8,7,'{\"number\":\"239\\u179f\\u179f\\u179a\",\"dates\":\"09\\/05\\/2016\"}','2018-05-11 08:22:19','2018-05-11 08:22:19'),(84,84,6,7,'{\"number\":\"157\",\"dates\":\"20\\/04\\/2015\"}','2018-05-11 08:23:54','2018-05-11 08:23:54'),(85,85,6,7,'{\"number\":\"47\",\"dates\":\"17\\/01\\/2018\"}','2018-05-11 08:23:54','2018-05-11 08:23:54'),(86,86,9,7,'{\"number\":\"239\\u179f\\u179f\\u179a\",\"dates\":\"09\\/05\\/2016\"}','2018-05-11 08:23:54','2018-05-11 08:23:54'),(87,87,6,7,'{\"number\":\"530\",\"dates\":\"13\\/08\\/2014\"}','2018-05-11 08:24:22','2018-05-11 08:24:22'),(88,88,7,7,'{\"number\":\"139\",\"dates\":\"06\\/03\\/2017\"}','2018-05-11 08:24:22','2018-05-11 08:24:22'),(89,89,6,7,'{\"number\":\"1198\",\"dates\":\"14\\/12\\/2005\"}','2018-05-11 08:24:22','2018-05-11 08:24:22'),(90,90,4,8,'{\"number\":\"10675\",\"dates\":\"11\\/11\\/2016\"}','2018-05-11 08:25:15','2018-05-11 08:25:15'),(91,91,4,8,'{\"number\":\"993\",\"dates\":\"16\\/03\\/2018\"}','2018-05-11 08:25:16','2018-05-11 08:25:16'),(92,92,5,8,'{\"number\":\"993\",\"dates\":\"13\\/08\\/2014\"}','2018-05-11 08:25:16','2018-05-11 08:25:16'),(93,93,6,8,'{\"number\":\"139\",\"dates\":\"06\\/03\\/2017\"}','2018-05-11 08:28:31','2018-05-11 08:28:31'),(94,94,6,8,'{\"number\":\"278\",\"dates\":\"29\\/05\\/2017\"}','2018-05-11 08:28:32','2018-05-11 08:28:32'),(95,95,7,8,'{\"number\":\"278\",\"dates\":\"29\\/05\\/2017\"}','2018-05-11 08:28:32','2018-05-11 08:28:32'),(96,96,8,8,'{\"number\":\"66\",\"dates\":\"03\\/03\\/2016\"}','2018-05-11 08:28:32','2018-05-11 08:28:32'),(97,97,8,8,'{\"number\":\"548\",\"dates\":\"17\\/10\\/2016\"}','2018-05-11 08:28:32','2018-05-11 08:28:32'),(98,98,12,8,'{\"number\":\"278\",\"dates\":\"29\\/05\\/2017\"}','2018-05-11 08:28:32','2018-05-11 08:28:32'),(99,99,8,8,'{\"number\":\"3628\",\"dates\":\"18\\/07\\/2017\"}','2018-05-11 08:28:32','2018-05-11 08:28:32'),(100,100,10,8,'{\"number\":\"3628\",\"dates\":\"18\\/07\\/2017\"}','2018-05-11 08:28:32','2018-05-11 08:28:32'),(101,101,8,8,'{\"number\":\"220\",\"dates\":\"01\\/04\\/2014\"}','2018-05-11 08:28:32','2018-05-11 08:28:32'),(102,102,9,8,'{\"number\":\"66\",\"dates\":\"03\\/03\\/2016\"}','2018-05-11 08:28:32','2018-05-11 08:28:32'),(103,103,8,8,'{\"number\":\"139\",\"dates\":\"06\\/03\\/2017\"}','2018-05-11 08:28:32','2018-05-11 08:28:32'),(104,104,7,8,'{\"number\":\"278\",\"dates\":\"29\\/05\\/2017\"}','2018-05-11 08:29:21','2018-05-11 08:29:21'),(105,105,7,8,'{\"number\":\"278\",\"dates\":\"29\\/05\\/2017\"}','2018-05-11 08:29:22','2018-05-11 08:29:22'),(106,106,7,8,'{\"number\":\"278\",\"dates\":\"29\\/05\\/2017\"}','2018-05-11 08:29:22','2018-05-11 08:29:22'),(107,107,10,8,'{\"number\":\"5612\",\"dates\":\"22\\/12\\/2014\"}','2018-05-11 08:29:22','2018-05-11 08:29:22'),(108,108,9,8,'{\"number\":\"278\",\"dates\":\"29\\/05\\/2017\"}','2018-05-11 08:29:22','2018-05-11 08:29:22'),(109,109,8,8,'{\"number\":\"33\",\"dates\":\"04\\/02\\/2016\"}','2018-05-11 08:29:22','2018-05-11 08:29:22'),(110,110,10,8,'{\"number\":\"5612\",\"dates\":\"22\\/12\\/2014\"}','2018-05-11 08:29:22','2018-05-11 08:29:22'),(111,111,6,8,'{\"number\":\"278\",\"dates\":\"29\\/05\\/2017\"}','2018-05-11 08:29:22','2018-05-11 08:29:22'),(112,112,10,8,'{\"number\":\"5612\",\"dates\":\"22\\/12\\/2014\"}','2018-05-11 08:29:22','2018-05-11 08:29:22'),(113,113,10,8,'{\"number\":\"3628\",\"dates\":\"18\\/07\\/2017\"}','2018-05-11 08:29:22','2018-05-11 08:29:22'),(114,114,10,8,'{\"number\":\"3628\",\"dates\":\"18\\/07\\/2017\"}','2018-05-11 08:29:22','2018-05-11 08:29:22'),(115,115,10,8,'{\"number\":\"5612\",\"dates\":\"22\\/12\\/2014\"}','2018-05-11 08:29:22','2018-05-11 08:29:22'),(116,116,9,8,'{\"number\":\"278\",\"dates\":\"29\\/05\\/2017\"}','2018-05-11 08:29:22','2018-05-11 08:29:22'),(117,117,6,8,'{\"number\":\"157\",\"dates\":\"20\\/04\\/2015\"}','2018-05-11 08:30:26','2018-05-11 08:30:26'),(118,118,8,8,'{\"number\":\"278\",\"dates\":\"29\\/05\\/2017\"}','2018-05-11 08:30:26','2018-05-11 08:30:26'),(119,119,7,8,'{\"number\":\"278\",\"dates\":\"29\\/05\\/2017\"}','2018-05-11 08:30:26','2018-05-11 08:30:26'),(120,120,8,8,'{\"number\":\"5612\",\"dates\":\"22\\/12\\/2014\"}','2018-05-11 08:30:26','2018-05-11 08:30:26'),(121,121,8,8,'{\"number\":\"548\",\"dates\":\"17\\/10\\/2016\"}','2018-05-11 08:30:26','2018-05-11 08:30:26'),(122,122,7,8,'{\"number\":\"47\",\"dates\":\"17\\/01\\/2018\"}','2018-05-11 08:30:26','2018-05-11 08:30:26'),(123,123,7,8,'{\"number\":\"278\",\"dates\":\"29\\/05\\/2017\"}','2018-05-11 08:30:26','2018-05-11 08:30:26'),(124,124,7,8,'{\"number\":\"530\",\"dates\":\"13\\/08\\/2014\"}','2018-05-11 08:30:26','2018-05-11 08:30:26'),(125,125,7,8,'{\"number\":\"278\",\"dates\":\"29\\/05\\/2017\"}','2018-05-11 08:30:26','2018-05-11 08:30:26'),(126,126,8,8,'{\"number\":\"1034\",\"dates\":\"11\\/04\\/2017\"}','2018-05-11 08:30:26','2018-05-11 08:30:26'),(127,127,8,8,'{\"number\":\"3628\",\"dates\":\"18\\/07\\/2017\"}','2018-05-11 08:30:26','2018-05-11 08:30:26'),(128,128,8,8,'{\"number\":\"1231\",\"dates\":\"15\\/12\\/2005\"}','2018-05-11 08:30:27','2018-05-11 08:30:27'),(129,129,7,8,'{\"number\":\"237\",\"dates\":\"08\\/05\\/2017\"}','2018-05-11 08:32:12','2018-05-11 08:32:12'),(130,130,7,8,'{\"number\":\"237\",\"dates\":\"08\\/05\\/2017\"}','2018-05-11 08:32:13','2018-05-11 08:32:13'),(131,131,9,8,'{\"number\":\"278\",\"dates\":\"29\\/05\\/2017\"}','2018-05-11 08:32:13','2018-05-11 08:32:13'),(132,132,7,8,'{\"number\":\"278\",\"dates\":\"29\\/05\\/2017\"}','2018-05-11 08:32:13','2018-05-11 08:32:13'),(133,133,7,8,'{\"number\":\"278\",\"dates\":\"29\\/05\\/2017\"}','2018-05-11 08:32:13','2018-05-11 08:32:13'),(134,134,8,8,'{\"number\":\"5612\",\"dates\":\"22\\/12\\/2014\"}','2018-05-11 08:32:13','2018-05-11 08:32:13'),(135,135,7,8,'{\"number\":\"278\",\"dates\":\"29\\/05\\/2017\"}','2018-05-11 08:32:13','2018-05-11 08:32:13'),(136,136,9,8,'{\"number\":\"278\",\"dates\":\"29\\/05\\/2017\"}','2018-05-11 08:32:13','2018-05-11 08:32:13'),(137,137,9,8,'{\"number\":\"278\",\"dates\":\"29\\/05\\/2017\"}','2018-05-11 08:32:13','2018-05-11 08:32:13'),(138,138,10,8,'{\"number\":\"5612\",\"dates\":\"22\\/12\\/2014\"}','2018-05-11 08:32:13','2018-05-11 08:32:13'),(139,139,8,8,'{\"number\":\"1034\",\"dates\":\"11\\/04\\/2017\"}','2018-05-11 08:32:13','2018-05-11 08:32:13'),(140,140,5,8,'{\"number\":\"2232\",\"dates\":\"13\\/02\\/2015\"}','2018-05-11 08:34:37','2018-05-11 08:34:37'),(141,141,6,8,'{\"number\":\"530\",\"dates\":\"13\\/08\\/2014\"}','2018-05-11 08:34:37','2018-05-11 08:34:37'),(142,142,8,8,'{\"number\":\"278\",\"dates\":\"29\\/05\\/2017\"}','2018-05-11 08:34:37','2018-05-11 08:34:37'),(143,143,8,8,'{\"number\":\"278\",\"dates\":\"29\\/05\\/2017\"}','2018-05-11 08:34:37','2018-05-11 08:34:37'),(144,144,8,8,'{\"number\":\"278\",\"dates\":\"29\\/05\\/2017\"}','2018-05-11 08:34:37','2018-05-11 08:34:37'),(145,145,8,8,'{\"number\":\"139\",\"dates\":\"06\\/03\\/2017\"}','2018-05-11 08:34:37','2018-05-11 08:34:37'),(146,146,9,8,'{\"number\":\"278\",\"dates\":\"29\\/05\\/2017\"}','2018-05-11 08:34:37','2018-05-11 08:34:37'),(147,147,8,8,'{\"number\":\"203\",\"dates\":\"01\\/04\\/2014\"}','2018-05-11 08:34:37','2018-05-11 08:34:37'),(148,148,8,8,'{\"number\":\"278\",\"dates\":\"29\\/05\\/2017\"}','2018-05-11 08:34:37','2018-05-11 08:34:37'),(149,149,8,8,'{\"number\":\"278\",\"dates\":\"29\\/05\\/2017\"}','2018-05-11 08:34:37','2018-05-11 08:34:37'),(150,150,8,8,'{\"number\":\"1034\",\"dates\":\"11\\/04\\/2017\"}','2018-05-11 08:34:37','2018-05-11 08:34:37'),(151,151,4,9,'{\"number\":\"7711\",\"dates\":\"18\\/10\\/2016\"}','2018-05-11 08:35:38','2018-05-11 08:35:38'),(152,152,4,9,'{\"number\":\"2075\",\"dates\":\"23\\/02\\/2016\"}','2018-05-11 08:35:39','2018-05-11 08:35:39'),(153,153,4,9,'{\"number\":\"993\",\"dates\":\"16\\/03\\/2018\"}','2018-05-11 08:35:39','2018-05-11 08:35:39'),(154,154,4,9,'{\"number\":\"2075\",\"dates\":\"23\\/02\\/2016\"}','2018-05-11 08:35:39','2018-05-11 08:35:39'),(155,155,5,9,'{\"number\":\"993\",\"dates\":\"16\\/03\\/2018\"}','2018-05-11 08:39:02','2018-05-11 08:39:02'),(156,156,6,9,'{\"number\":\"66\",\"dates\":\"03\\/03\\/2016\"}','2018-05-11 08:39:02','2018-05-11 08:39:02'),(157,157,8,9,'{\"number\":\"278\",\"dates\":\"29\\/05\\/2017\"}','2018-05-11 08:39:02','2018-05-11 08:39:02'),(158,158,13,9,'{\"number\":\"3628\",\"dates\":\"18\\/07\\/2017\"}','2018-05-11 08:39:02','2018-05-11 08:39:02'),(159,159,6,9,'{\"number\":\"278\",\"dates\":\"29\\/05\\/2017\"}','2018-05-11 08:41:01','2018-05-11 08:41:01'),(160,160,7,9,'{\"number\":\"278\",\"dates\":\"29\\/05\\/2017\"}','2018-05-11 08:41:01','2018-05-11 08:41:01'),(161,161,6,9,'{\"number\":\"1265\",\"dates\":\"28\\/12\\/2005\"}','2018-05-11 08:41:01','2018-05-11 08:41:01'),(162,162,5,9,'{\"number\":\"2987\",\"dates\":\"08\\/08\\/2014\"}','2018-05-11 08:41:51','2018-05-11 08:41:51'),(163,163,10,9,'{\"number\":\"3628\",\"dates\":\"18\\/07\\/2017\"}','2018-05-11 08:41:51','2018-05-11 08:41:51'),(164,164,5,9,'{\"number\":\"2987\",\"dates\":\"08\\/08\\/2014\"}','2018-05-11 08:42:26','2018-05-11 08:42:26'),(165,165,7,9,'{\"number\":\"278\",\"dates\":\"29\\/05\\/2017\"}','2018-05-11 08:42:26','2018-05-11 08:42:26'),(166,166,10,9,'{\"number\":\"3628\",\"dates\":\"18\\/07\\/2017\"}','2018-05-11 08:42:26','2018-05-11 08:42:26'),(167,167,5,9,'{\"number\":\"10285\",\"dates\":\"22\\/12\\/2015\"}','2018-05-11 08:45:00','2018-05-11 08:45:00'),(168,168,7,9,'{\"number\":\"47\",\"dates\":\"17\\/01\\/2018\"}','2018-05-11 08:45:01','2018-05-11 08:45:01'),(169,169,8,9,'{\"number\":\"47\",\"dates\":\"17\\/01\\/2018\"}','2018-05-11 08:45:01','2018-05-11 08:45:01'),(170,170,6,9,'{\"number\":\"47\",\"dates\":\"17\\/01\\/2018\"}','2018-05-11 08:46:17','2018-05-11 08:46:17'),(171,171,6,9,'{\"number\":\"278\",\"dates\":\"29\\/05\\/2017\"}','2018-05-11 08:46:17','2018-05-11 08:46:17'),(172,172,8,9,'{\"number\":\"139\",\"dates\":\"06\\/03\\/2017\"}','2018-05-11 08:46:17','2018-05-11 08:46:17'),(173,173,6,9,'{\"number\":\"539\",\"dates\":\"13\\/08\\/2014\"}','2018-05-11 08:46:50','2018-05-11 08:46:50'),(174,174,7,9,'{\"number\":\"539\",\"dates\":\"13\\/08\\/2014\"}','2018-05-11 08:46:50','2018-05-11 08:46:50'),(175,175,7,9,'{\"number\":\"66\",\"dates\":\"03\\/03\\/2016\"}','2018-05-11 08:46:50','2018-05-11 08:46:50'),(176,176,3,10,'{\"number\":\"178\",\"dates\":\"19\\/02\\/2018\"}','2018-05-11 09:13:07','2018-05-11 09:13:07'),(177,177,4,10,'{\"number\":\"2987\",\"dates\":\"08\\/08\\/2014\"}','2018-05-11 09:13:07','2018-05-11 09:13:07'),(178,178,4,10,'{\"number\":\"993\",\"dates\":\"16\\/03\\/2018\"}','2018-05-11 09:13:08','2018-05-11 09:13:08'),(179,179,5,10,'{\"number\":\"10023\",\"dates\":\"01\\/12\\/2015\"}','2018-05-11 09:13:08','2018-05-11 09:13:08'),(180,180,6,10,'{\"number\":\"139\",\"dates\":\"06\\/03\\/2017\"}','2018-05-11 09:14:11','2018-05-11 09:14:11'),(181,181,7,10,'{\"number\":\"139\",\"dates\":\"06\\/03\\/2017\"}','2018-05-11 09:14:11','2018-05-11 09:14:11'),(182,182,8,10,'{\"number\":\"5611\",\"dates\":\"20\\/06\\/2017\"}','2018-05-11 09:14:11','2018-05-11 09:14:11'),(183,183,10,10,'{\"number\":\"3628\",\"dates\":\"18\\/07\\/2017\"}','2018-05-11 09:14:11','2018-05-11 09:14:11'),(184,184,5,10,'{\"number\":\"2987\",\"dates\":\"08\\/08\\/2014\"}','2018-05-11 09:19:34','2018-05-11 09:19:34'),(185,185,6,10,'{\"number\":\"530\",\"dates\":\"13\\/08\\/2014\"}','2018-05-11 09:19:34','2018-05-11 09:19:34'),(186,186,10,10,'{\"number\":\"3628\",\"dates\":\"18\\/07\\/2017\"}','2018-05-11 09:19:34','2018-05-11 09:19:34'),(187,187,10,10,'{\"number\":\"3628\",\"dates\":\"18\\/07\\/2017\"}','2018-05-11 09:19:34','2018-05-11 09:19:34'),(188,188,5,10,'{\"number\":\"993\",\"dates\":\"16\\/03\\/2018\"}','2018-05-11 09:20:37','2018-05-11 09:20:37'),(189,189,7,10,'{\"number\":\"139\",\"dates\":\"06\\/03\\/2017\"}','2018-05-11 09:20:37','2018-05-11 09:20:37'),(190,190,10,10,'{\"number\":\"3628\",\"dates\":\"18\\/07\\/2017\"}','2018-05-11 09:20:37','2018-05-11 09:20:37'),(191,191,5,10,'{\"number\":\"2987\",\"dates\":\"08\\/08\\/2014\"}','2018-05-11 09:23:15','2018-05-11 09:23:15'),(192,192,7,10,'{\"number\":\"139\",\"dates\":\"06\\/03\\/2017\"}','2018-05-11 09:23:15','2018-05-11 09:23:15'),(193,193,8,10,'{\"number\":\"3628\",\"dates\":\"18\\/07\\/2017\"}','2018-05-11 09:23:15','2018-05-11 09:23:15'),(194,194,5,10,'{\"number\":\"2075\",\"dates\":\"23\\/02\\/2016\"}','2018-05-11 09:24:04','2018-05-11 09:24:04'),(195,195,7,10,'{\"number\":\"66\",\"dates\":\"03\\/03\\/2016\"}','2018-05-11 09:24:05','2018-05-11 09:24:05'),(196,196,4,11,'{\"number\":\"2987\",\"dates\":\"08\\/08\\/2014\"}','2018-05-11 09:42:51','2018-05-11 09:42:51'),(197,197,4,11,'{\"number\":\"993\",\"dates\":\"16\\/03\\/2018\"}','2018-05-11 09:42:52','2018-05-11 09:42:52'),(198,198,4,11,'{\"number\":\"993\",\"dates\":\"16\\/03\\/2018\"}','2018-05-11 09:42:52','2018-05-11 09:42:52'),(199,199,6,11,'{\"number\":\"278\",\"dates\":\"29\\/05\\/2017\"}','2018-05-11 09:43:42','2018-05-11 09:43:42'),(200,200,6,11,'{\"number\":\"47\",\"dates\":\"17\\/01\\/2018\"}','2018-05-11 09:43:42','2018-05-11 09:43:42'),(201,201,9,11,'{\"number\":\"278\",\"dates\":\"29\\/05\\/2017\"}','2018-05-11 09:43:42','2018-05-11 09:43:42'),(202,202,5,11,'{\"number\":\"1695\",\"dates\":\"27\\/06\\/2017\"}','2018-05-11 09:44:20','2018-05-11 09:44:20'),(203,203,7,11,'{\"number\":\"228\",\"dates\":\"25\\/06\\/2015\"}','2018-05-11 09:44:21','2018-05-11 09:44:21'),(204,204,5,11,'{\"number\":\"2987\",\"dates\":\"08\\/08\\/2014\"}','2018-05-11 09:44:55','2018-05-11 09:44:55'),(205,205,6,11,'{\"number\":\"47\",\"dates\":\"17\\/01\\/2018\"}','2018-05-11 09:44:55','2018-05-11 09:44:55'),(206,206,9,11,'{\"number\":\"336\",\"dates\":\"28\\/06\\/2013\"}','2018-05-11 09:44:55','2018-05-11 09:44:55'),(207,207,5,11,'{\"number\":\"2232\",\"dates\":\"13\\/02\\/2015\"}','2018-05-11 09:45:55','2018-05-11 09:45:55'),(208,208,6,11,'{\"number\":\"530\",\"dates\":\"13\\/08\\/2014\"}','2018-05-11 09:45:55','2018-05-11 09:45:55'),(209,209,9,11,'{\"number\":\"278\",\"dates\":\"29\\/05\\/2017\"}','2018-05-11 09:45:55','2018-05-11 09:45:55'),(210,210,7,11,'{\"number\":\"219\",\"dates\":\"28\\/03\\/2018\"}','2018-05-11 09:46:52','2018-05-11 09:46:52'),(211,211,6,11,'{\"number\":\"530\",\"dates\":\"13\\/08\\/2014\"}','2018-05-11 09:46:52','2018-05-11 09:46:52'),(212,212,3,12,'{\"number\":\"755\",\"dates\":\"26\\/07\\/2017\"}','2018-05-11 09:48:53','2018-05-11 09:48:53'),(213,213,4,12,'{\"number\":\"993\",\"dates\":\"16\\/03\\/2018\"}','2018-05-11 09:48:53','2018-05-11 09:48:53'),(214,214,5,12,'{\"number\":\"993\",\"dates\":\"16\\/03\\/2018\"}','2018-05-11 09:48:53','2018-05-11 09:48:53'),(215,215,4,12,'{\"number\":\"993\",\"dates\":\"16\\/03\\/2018\"}','2018-05-11 09:48:53','2018-05-11 09:48:53'),(216,216,5,12,'{\"number\":\"10285\",\"dates\":\"22\\/12\\/2015\"}','2018-05-11 09:52:17','2018-05-11 09:52:17'),(217,217,8,12,'{\"number\":\"189\",\"dates\":\"27\\/03\\/2014\"}','2018-05-11 09:52:17','2018-05-11 09:52:17'),(218,218,8,12,'{\"number\":\"3628\",\"dates\":\"18\\/07\\/2017\"}','2018-05-11 09:52:17','2018-05-11 09:52:17'),(219,219,5,12,'{\"number\":\"993\",\"dates\":\"16\\/03\\/2018\"}','2018-05-11 09:53:23','2018-05-11 09:53:23'),(220,220,7,12,'{\"number\":\"47\",\"dates\":\"17\\/01\\/2018\"}','2018-05-11 09:53:23','2018-05-11 09:53:23'),(221,221,7,12,'{\"number\":\"278\",\"dates\":\"29\\/05\\/2017\"}','2018-05-11 09:53:23','2018-05-11 09:53:23'),(222,222,6,12,'{\"number\":\"220\",\"dates\":\"01\\/04\\/2014\"}','2018-05-11 09:53:23','2018-05-11 09:53:23'),(223,223,8,12,'{\"number\":\"na\",\"dates\":\"na\"}','2018-05-11 09:53:23','2018-05-11 09:53:23'),(224,224,6,12,'{\"number\":\"530\",\"dates\":\"13\\/08\\/2014\"}','2018-05-11 09:54:17','2018-05-11 09:54:17'),(225,225,6,12,'{\"number\":\"530\",\"dates\":\"13\\/08\\/2014\"}','2018-05-11 09:54:17','2018-05-11 09:54:17'),(226,226,8,12,'{\"number\":\"278\",\"dates\":\"29\\/05\\/2017\"}','2018-05-11 09:54:17','2018-05-11 09:54:17'),(227,227,9,12,'{\"number\":\"278\",\"dates\":\"29\\/05\\/2017\"}','2018-05-11 09:54:17','2018-05-11 09:54:17'),(228,228,7,12,'{\"number\":\"305\\u179f\\u179f\\u179a\",\"dates\":\"29\\/06\\/2016\"}','2018-05-11 09:54:17','2018-05-11 09:54:17'),(229,229,5,12,'{\"number\":\"10285\",\"dates\":\"22\\/12\\/2015\"}','2018-05-11 09:55:49','2018-05-11 09:55:49'),(230,230,8,12,'{\"number\":\"278\",\"dates\":\"29\\/05\\/2017\"}','2018-05-11 09:55:50','2018-05-11 09:55:50'),(231,231,7,12,'{\"number\":\"203\",\"dates\":\"01\\/04\\/2014\"}','2018-05-11 09:55:50','2018-05-11 09:55:50'),(232,232,7,12,'{\"number\":\"142\",\"dates\":\"20\\/04\\/2015\"}','2018-05-11 09:55:50','2018-05-11 09:55:50'),(233,233,8,12,'{\"number\":\"278\",\"dates\":\"29\\/05\\/2017\"}','2018-05-11 09:55:50','2018-05-11 09:55:50'),(234,234,5,12,'{\"number\":\"2987\",\"dates\":\"08\\/08\\/2014\"}','2018-05-11 09:57:02','2018-05-11 09:57:02'),(235,235,6,12,'{\"number\":\"530\",\"dates\":\"13\\/08\\/2014\"}','2018-05-11 09:57:02','2018-05-11 09:57:02'),(236,236,6,12,'{\"number\":\"203\",\"dates\":\"01\\/04\\/2014\"}','2018-05-11 09:57:02','2018-05-11 09:57:02'),(237,237,7,12,'{\"number\":\"220\",\"dates\":\"01\\/04\\/2014\"}','2018-05-11 09:57:02','2018-05-11 09:57:02'),(238,238,5,13,'{\"number\":\"4398\",\"dates\":\"10\\/05\\/2016\"}','2018-05-11 09:57:50','2018-05-11 09:57:50'),(239,239,4,13,'{\"number\":\"2075\",\"dates\":\"23\\/02\\/2016\"}','2018-05-11 09:57:50','2018-05-11 09:57:50'),(240,240,4,13,'{\"number\":\"993\",\"dates\":\"16\\/03\\/2018\"}','2018-05-11 09:57:50','2018-05-11 09:57:50'),(241,241,6,13,'{\"number\":\"278\",\"dates\":\"29\\/05\\/2017\"}','2018-05-11 09:58:38','2018-05-11 09:58:38'),(242,242,6,13,'{\"number\":\"139\",\"dates\":\"06\\/03\\/2017\"}','2018-05-11 09:58:38','2018-05-11 09:58:38'),(243,243,6,13,'{\"number\":\"220\",\"dates\":\"01\\/04\\/2014\"}','2018-05-11 09:58:38','2018-05-11 09:58:38'),(244,244,6,13,'{\"number\":\"278\",\"dates\":\"29\\/05\\/2017\"}','2018-05-11 09:58:38','2018-05-11 09:58:38'),(245,245,8,13,'{\"number\":\"625\",\"dates\":\"02\\/12\\/2016\"}','2018-05-11 09:58:38','2018-05-11 09:58:38'),(246,246,5,13,'{\"number\":\"993\",\"dates\":\"16\\/03\\/2018\"}','2018-05-11 09:59:25','2018-05-11 09:59:25'),(247,247,7,13,'{\"number\":\"139\",\"dates\":\"06\\/03\\/2017\"}','2018-05-11 09:59:26','2018-05-11 09:59:26'),(248,248,6,13,'{\"number\":\"1196\",\"dates\":\"14\\/12\\/2005\"}','2018-05-11 09:59:26','2018-05-11 09:59:26'),(249,249,6,13,'{\"number\":\"10285\",\"dates\":\"22\\/12\\/2015\"}','2018-05-11 10:00:51','2018-05-11 10:00:51'),(250,250,9,13,'{\"number\":\"66\",\"dates\":\"03\\/03\\/2016\"}','2018-05-11 10:00:51','2018-05-11 10:00:51'),(251,251,9,13,'{\"number\":\"66\",\"dates\":\"03\\/03\\/2016\"}','2018-05-11 10:00:51','2018-05-11 10:00:51'),(252,252,6,13,'{\"number\":\"139\",\"dates\":\"06\\/03\\/2017\"}','2018-05-11 10:01:46','2018-05-11 10:01:46'),(253,253,9,13,'{\"number\":\"239\",\"dates\":\"09\\/05\\/2016\"}','2018-05-11 10:01:46','2018-05-11 10:01:46'),(254,254,7,13,'{\"number\":\"203\",\"dates\":\"01\\/04\\/2014\"}','2018-05-11 10:01:46','2018-05-11 10:01:46'),(255,255,4,14,'{\"number\":\"7711\",\"dates\":\"18\\/10\\/2016\"}','2018-05-11 10:02:29','2018-05-11 10:02:29'),(256,256,5,14,'{\"number\":\"993\",\"dates\":\"16\\/03\\/2018\"}','2018-05-11 10:02:29','2018-05-11 10:02:29'),(257,257,4,14,'{\"number\":\"993\",\"dates\":\"16\\/03\\/2018\"}','2018-05-11 10:02:29','2018-05-11 10:02:29'),(258,258,5,14,'{\"number\":\"4575\",\"dates\":\"05\\/05\\/2015\"}','2018-05-11 10:02:29','2018-05-11 10:02:29'),(259,259,7,14,'{\"number\":\"47\",\"dates\":\"17\\/01\\/2018\"}','2018-05-11 10:03:33','2018-05-11 10:03:33'),(260,260,9,14,'{\"number\":\"203\",\"dates\":\"01\\/04\\/2014\"}','2018-05-11 10:03:33','2018-05-11 10:03:33'),(261,261,7,14,'{\"number\":\"139\",\"dates\":\"06\\/03\\/2017\"}','2018-05-11 10:08:20','2018-05-11 10:08:20'),(262,262,7,14,'{\"number\":\"219\",\"dates\":\"28\\/03\\/2018\"}','2018-05-11 10:08:21','2018-05-11 10:08:21'),(263,263,5,14,'{\"number\":\"993\",\"dates\":\"16\\/03\\/2018\"}','2018-05-11 10:09:21','2018-05-11 10:09:22'),(264,264,8,14,'{\"number\":\"530\",\"dates\":\"13\\/08\\/2014\"}','2018-05-11 10:09:22','2018-05-11 10:09:22'),(265,265,6,14,'{\"number\":\"47\",\"dates\":\"17\\/01\\/2018\"}','2018-05-11 10:09:22','2018-05-11 10:09:22'),(266,266,6,14,'{\"number\":\"47\",\"dates\":\"17\\/01\\/2018\"}','2018-05-11 10:10:21','2018-05-11 10:10:21'),(267,267,7,14,'{\"number\":\"708\",\"dates\":\"22\\/11\\/2012\"}','2018-05-11 10:10:21','2018-05-11 10:10:21'),(268,268,7,14,'{\"number\":\"203\",\"dates\":\"01\\/04\\/2014\"}','2018-05-11 10:10:21','2018-05-11 10:10:21'),(269,269,4,15,'{\"number\":\"1219\",\"dates\":\"26\\/03\\/2018\"}','2018-05-11 10:12:48','2018-05-11 10:12:48'),(270,270,4,15,'{\"number\":\"na\",\"dates\":\"08\\/08\\/2014\"}','2018-05-11 10:12:48','2018-05-11 10:12:48'),(271,271,4,15,'{\"number\":\"993\",\"dates\":\"16\\/03\\/2018\"}','2018-05-11 10:12:48','2018-05-11 10:12:48'),(272,272,4,15,'{\"number\":\"993\",\"dates\":\"16\\/03\\/2018\"}','2018-05-11 10:12:48','2018-05-11 10:12:48'),(273,273,6,15,'{\"number\":\"47\",\"dates\":\"17\\/01\\/2018\"}','2018-05-11 10:14:08','2018-05-11 10:14:08'),(274,274,6,15,'{\"number\":\"47\",\"dates\":\"17\\/01\\/2018\"}','2018-05-11 10:14:08','2018-05-11 10:14:08'),(275,275,5,15,'{\"number\":\"2987\",\"dates\":\"08\\/08\\/2014\"}','2018-05-11 10:17:27','2018-05-11 10:17:27'),(276,276,7,15,'{\"number\":\"278\",\"dates\":\"29\\/05\\/2017\"}','2018-05-11 10:17:27','2018-05-11 10:17:27'),(277,277,8,15,'{\"number\":\"1034\",\"dates\":\"11\\/04\\/2017\"}','2018-05-11 10:17:27','2018-05-11 10:17:27'),(278,278,6,15,'{\"number\":\"66\",\"dates\":\"03\\/03\\/2016\"}','2018-05-11 10:18:39','2018-05-11 10:18:39'),(279,279,6,15,'{\"number\":\"220\",\"dates\":\"01\\/04\\/2014\"}','2018-05-11 10:19:37','2018-05-11 10:19:37'),(280,280,6,15,'{\"number\":\"47\",\"dates\":\"17\\/01\\/2018\"}','2018-05-11 10:19:37','2018-05-11 10:19:37'),(281,281,10,15,'{\"number\":\"3628\",\"dates\":\"18\\/07\\/2017\"}','2018-05-11 10:19:37','2018-05-11 10:19:37'),(282,282,6,15,'{\"number\":\"66\",\"dates\":\"03\\/03\\/2016\"}','2018-05-11 10:20:20','2018-05-11 10:20:20'),(283,283,8,15,'{\"number\":\"219\",\"dates\":\"28\\/03\\/2018\"}','2018-05-11 10:20:20','2018-05-11 10:20:20'),(284,284,6,15,'{\"number\":\"220\",\"dates\":\"01\\/04\\/2014\"}','2018-05-11 10:20:20','2018-05-11 10:20:20'),(285,285,3,16,'{\"number\":\"177\",\"dates\":\"19\\/02\\/2018\"}','2018-05-11 10:21:16','2018-05-11 10:21:16'),(286,286,4,16,'{\"number\":\"2987\",\"dates\":\"08\\/08\\/2014\"}','2018-05-11 10:21:16','2018-05-11 10:21:16'),(287,287,4,16,'{\"number\":\"993\",\"dates\":\"16\\/03\\/2018\"}','2018-05-11 10:21:16','2018-05-11 10:21:16'),(288,288,5,16,'{\"number\":\"10285\",\"dates\":\"22\\/12\\/2015\"}','2018-05-11 10:21:16','2018-05-11 10:21:16'),(289,289,6,16,'{\"number\":\"66\",\"dates\":\"03\\/03\\/2016\"}','2018-05-11 10:22:11','2018-05-11 10:22:11'),(290,290,8,16,'{\"number\":\"278\",\"dates\":\"29\\/05\\/2017\"}','2018-05-11 10:22:11','2018-05-11 10:22:11'),(291,291,10,16,'{\"number\":\"203\",\"dates\":\"01\\/04\\/2014\"}','2018-05-11 10:22:11','2018-05-11 10:22:11'),(292,292,7,16,'{\"number\":\"203\",\"dates\":\"01\\/04\\/2014\"}','2018-05-11 10:22:11','2018-05-11 10:22:11'),(293,293,9,16,'{\"number\":\"203\",\"dates\":\"01\\/04\\/2014\"}','2018-05-11 10:22:11','2018-05-11 10:22:11'),(294,294,8,16,'{\"number\":\"47\",\"dates\":\"17\\/01\\/2018\"}','2018-05-11 10:23:08','2018-05-11 10:23:08'),(295,295,6,16,'{\"number\":\"220\",\"dates\":\"01\\/04\\/2014\"}','2018-05-11 10:23:08','2018-05-11 10:23:08'),(296,296,8,16,'{\"number\":\"47\",\"dates\":\"17\\/01\\/2018\"}','2018-05-11 10:24:11','2018-05-11 10:24:11'),(297,297,6,16,'{\"number\":\"220\",\"dates\":\"01\\/04\\/2014\"}','2018-05-11 10:24:12','2018-05-11 10:24:12'),(298,298,6,16,'{\"number\":\"66\",\"dates\":\"03\\/03\\/2016\"}','2018-05-11 10:25:00','2018-05-11 10:25:00'),(299,299,7,16,'{\"number\":\"139\",\"dates\":\"06\\/03\\/2017\"}','2018-05-11 10:25:00','2018-05-11 10:25:00'),(300,300,7,16,'{\"number\":\"278\",\"dates\":\"29\\/05\\/2017\"}','2018-05-11 10:25:00','2018-05-11 10:25:00'),(301,301,8,16,'{\"number\":\"278\",\"dates\":\"29\\/05\\/2017\"}','2018-05-11 10:25:00','2018-05-11 10:25:00'),(302,302,6,16,'{\"number\":\"47\",\"dates\":\"17\\/01\\/2018\"}','2018-05-11 10:25:43','2018-05-11 10:25:43'),(303,303,8,16,'{\"number\":\"1034\",\"dates\":\"11\\/04\\/2017\"}','2018-05-11 10:25:43','2018-05-11 10:25:43'),(304,304,8,16,'{\"number\":\"3628\",\"dates\":\"18\\/07\\/2017\"}','2018-05-11 10:25:43','2018-05-11 10:25:43'),(305,305,5,16,'{\"number\":\"2075\",\"dates\":\"23\\/02\\/2016\"}','2018-05-11 10:26:40','2018-05-11 10:26:40'),(306,306,7,16,'{\"number\":\"1151\",\"dates\":\"13\\/08\\/2014\"}','2018-05-11 10:26:40','2018-05-11 10:26:40'),(307,307,8,16,'{\"number\":\"1034\",\"dates\":\"11\\/04\\/2017\"}','2018-05-11 10:26:40','2018-05-11 10:26:40'),(308,308,3,17,'{\"number\":\"813\",\"dates\":\"10\\/08\\/2017\"}','2018-05-11 10:28:05','2018-05-11 10:28:05'),(309,309,4,17,'{\"number\":\"2987\",\"dates\":\"08\\/08\\/2014\"}','2018-05-11 10:28:05','2018-05-11 10:28:05'),(310,310,4,17,'{\"number\":\"993\",\"dates\":\"16\\/03\\/2018\"}','2018-05-11 10:28:05','2018-05-11 10:28:05'),(311,311,6,17,'{\"number\":\"278\",\"dates\":\"29\\/05\\/2017\"}','2018-05-11 10:30:12','2018-05-11 10:30:12'),(312,312,8,17,'{\"number\":\"239\\u179f\\u179f\\u179a\",\"dates\":\"09\\/05\\/2016\"}','2018-05-11 10:30:12','2018-05-11 10:30:12'),(313,313,8,17,'{\"number\":\"1034\",\"dates\":\"11\\/04\\/2017\"}','2018-05-11 10:30:12','2018-05-11 10:30:12'),(314,314,10,17,'{\"number\":\"1034\",\"dates\":\"11\\/04\\/2017\"}','2018-05-11 10:30:12','2018-05-11 10:30:12'),(315,315,10,17,'{\"number\":\"3628\",\"dates\":\"18\\/07\\/2017\"}','2018-05-11 10:30:12','2018-05-11 10:30:12'),(316,316,8,17,'{\"number\":\"3628\",\"dates\":\"18\\/07\\/2017\"}','2018-05-11 10:30:12','2018-05-11 10:30:12'),(317,317,8,17,'{\"number\":\"1034\",\"dates\":\"11\\/04\\/2017\"}','2018-05-11 10:30:12','2018-05-11 10:30:12'),(318,318,6,17,'{\"number\":\"47\",\"dates\":\"17\\/01\\/2018\"}','2018-05-11 10:31:51','2018-05-11 10:31:51'),(319,319,7,17,'{\"number\":\"139\",\"dates\":\"06\\/03\\/2017\"}','2018-05-11 10:31:51','2018-05-11 10:31:51'),(320,320,8,17,'{\"number\":\"5612\",\"dates\":\"22\\/12\\/2014\"}','2018-05-11 10:31:51','2018-05-11 10:31:51'),(321,321,8,17,'{\"number\":\"5612\",\"dates\":\"22\\/12\\/2014\"}','2018-05-11 10:31:51','2018-05-11 10:31:51'),(322,322,8,17,'{\"number\":\"5612\",\"dates\":\"22\\/12\\/2014\"}','2018-05-11 10:31:51','2018-05-11 10:31:51'),(323,323,8,17,'{\"number\":\"278\",\"dates\":\"29\\/05\\/2017\"}','2018-05-11 10:31:51','2018-05-11 10:31:51'),(324,324,10,17,'{\"number\":\"1034\",\"dates\":\"11\\/04\\/2017\"}','2018-05-11 10:31:51','2018-05-11 10:31:51'),(325,325,10,17,'{\"number\":\"1034\",\"dates\":\"11\\/04\\/2017\"}','2018-05-11 10:31:51','2018-05-11 10:31:51'),(334,334,8,17,'{\"number\":\"1034\",\"dates\":\"11\\/04\\/2017\"}','2018-05-11 10:33:33','2018-05-11 10:33:33'),(335,335,8,17,'{\"number\":\"139\",\"dates\":\"06\\/03\\/2017\"}','2018-05-11 10:36:54','2018-05-11 10:36:54'),(336,336,7,17,'{\"number\":\"203\",\"dates\":\"01\\/04\\/2014\"}','2018-05-11 10:36:54','2018-05-11 10:36:54'),(337,337,6,17,'{\"number\":\"278\",\"dates\":\"29\\/05\\/2017\"}','2018-05-11 10:36:54','2018-05-11 10:36:54'),(338,338,8,17,'{\"number\":\"203\",\"dates\":\"01\\/04\\/2014\"}','2018-05-11 10:36:54','2018-05-11 10:36:54'),(339,339,7,17,'{\"number\":\"219\",\"dates\":\"28\\/03\\/2018\"}','2018-05-11 10:36:54','2018-05-11 10:36:54'),(340,340,8,17,'{\"number\":\"1034\",\"dates\":\"11\\/04\\/2017\"}','2018-05-11 10:36:54','2018-05-11 10:36:54'),(341,341,8,17,'{\"number\":\"3628\",\"dates\":\"18\\/07\\/2017\"}','2018-05-11 10:36:55','2018-05-11 10:36:55'),(342,342,10,17,'{\"number\":\"1034\",\"dates\":\"11\\/04\\/2017\"}','2018-05-11 10:36:55','2018-05-11 10:36:55'),(343,343,5,17,'{\"number\":\"993\",\"dates\":\"16\\/03\\/2018\"}','2018-05-11 10:37:51','2018-05-11 10:37:51'),(344,344,6,17,'{\"number\":\"47\",\"dates\":\"na\"}','2018-05-11 10:37:51','2018-05-11 10:37:51'),(345,345,7,17,'{\"number\":\"278\",\"dates\":\"29\\/05\\/2017\"}','2018-05-11 10:37:51','2018-05-11 10:37:51'),(346,346,8,17,'{\"number\":\"203\",\"dates\":\"01\\/04\\/2014\"}','2018-05-11 10:37:51','2018-05-11 10:37:51'),(347,347,8,17,'{\"number\":\"157\",\"dates\":\"20\\/04\\/2015\"}','2018-05-11 10:37:51','2018-05-11 10:37:51'),(348,348,8,17,'{\"number\":\"278\",\"dates\":\"29\\/05\\/2017\"}','2018-05-11 10:37:51','2018-05-11 10:37:51'),(349,349,7,17,'{\"number\":\"278\",\"dates\":\"29\\/05\\/2017\"}','2018-05-11 10:37:51','2018-05-11 10:37:51'),(350,350,9,17,'{\"number\":\"278\",\"dates\":\"29\\/05\\/2017\"}','2018-05-11 10:37:51','2018-05-11 10:37:51'),(351,351,8,17,'{\"number\":\"548\",\"dates\":\"17\\/10\\/2016\"}','2018-05-11 10:37:51','2018-05-11 10:37:51'),(352,352,10,17,'{\"number\":\"1034\",\"dates\":\"11\\/04\\/2017\"}','2018-05-11 10:37:51','2018-05-11 10:37:51'),(353,353,8,17,'{\"number\":\"3628\",\"dates\":\"18\\/07\\/2017\"}','2018-05-11 10:37:51','2018-05-11 10:37:51'),(354,354,10,17,'{\"number\":\"1034\",\"dates\":\"11\\/04\\/2017\"}','2018-05-11 10:37:51','2018-05-11 10:37:51'),(355,355,5,17,'{\"number\":\"993\",\"dates\":\"16\\/03\\/2018\"}','2018-05-11 10:38:46','2018-05-11 10:38:46'),(356,356,8,17,'{\"number\":\"157\",\"dates\":\"20\\/04\\/2015\"}','2018-05-11 10:38:46','2018-05-11 10:38:46'),(357,357,8,17,'{\"number\":\"278\",\"dates\":\"29\\/05\\/2017\"}','2018-05-11 10:38:46','2018-05-11 10:38:46'),(358,358,10,17,'{\"number\":\"5612\",\"dates\":\"22\\/12\\/2014\"}','2018-05-11 10:38:46','2018-05-11 10:38:46'),(359,359,8,17,'{\"number\":\"47\",\"dates\":\"17\\/01\\/2018\"}','2018-05-11 10:38:46','2018-05-11 10:38:46'),(360,360,10,17,'{\"number\":\"5612\",\"dates\":\"22\\/12\\/2014\"}','2018-05-11 10:38:46','2018-05-11 10:38:46'),(361,361,8,17,'{\"number\":\"1034\",\"dates\":\"11\\/04\\/2017\"}','2018-05-11 10:38:46','2018-05-11 10:38:46'),(362,362,8,17,'{\"number\":\"1034\",\"dates\":\"11\\/04\\/2017\"}','2018-05-11 10:38:46','2018-05-11 10:38:46'),(363,363,10,17,'{\"number\":\"1034\",\"dates\":\"11\\/04\\/2017\"}','2018-05-11 10:38:46','2018-05-11 10:38:46'),(364,364,8,17,'{\"number\":\"3628\",\"dates\":\"18\\/07\\/2017\"}','2018-05-11 10:38:46','2018-05-11 10:38:46'),(365,365,13,17,'{\"number\":\"3628\",\"dates\":\"18\\/07\\/2017\"}','2018-05-11 10:38:46','2018-05-11 10:38:46');
/*!40000 ALTER TABLE `level_officer` ENABLE KEYS */;
UNLOCK TABLES;

--
-- Table structure for table `levels`
--

DROP TABLE IF EXISTS `levels`;
/*!40101 SET @saved_cs_client     = @@character_set_client */;
/*!40101 SET character_set_client = utf8 */;
CREATE TABLE `levels` (
  `id` int(10) unsigned NOT NULL AUTO_INCREMENT,
  `name` varchar(191) COLLATE utf8_unicode_ci NOT NULL,
  PRIMARY KEY (`id`)
) ENGINE=InnoDB AUTO_INCREMENT=14 DEFAULT CHARSET=utf8 COLLATE=utf8_unicode_ci;
/*!40101 SET character_set_client = @saved_cs_client */;

--
-- Dumping data for table `levels`
--

LOCK TABLES `levels` WRITE;
/*!40000 ALTER TABLE `levels` DISABLE KEYS */;
INSERT INTO `levels` VALUES (1,'ឧត្តមសេនីយ៍ទោ'),(2,'ឧត្តមសេនីយ៍ត្រី'),(3,'វរសេនីយ៍ឯក'),(4,'វរសេនីយ៍ទោ'),(5,'វរសេនីយ៍ត្រី'),(6,'អនុសេនីយ៍ឯក'),(7,'អនុសេនីយ៍ទោ'),(8,'អនុសេនីយ៍ត្រី'),(9,'ព្រិន្ទបាលឯក'),(10,'ព្រិន្ទបាលទោ'),(11,'ពលបាលឯក'),(12,'ពលបាលទោ'),(13,'ពលបាលត្រី');
/*!40000 ALTER TABLE `levels` ENABLE KEYS */;
UNLOCK TABLES;

--
-- Table structure for table `migrations`
--

DROP TABLE IF EXISTS `migrations`;
/*!40101 SET @saved_cs_client     = @@character_set_client */;
/*!40101 SET character_set_client = utf8 */;
CREATE TABLE `migrations` (
  `id` int(10) unsigned NOT NULL AUTO_INCREMENT,
  `migration` varchar(255) COLLATE utf8_unicode_ci NOT NULL,
  `batch` int(11) NOT NULL,
  PRIMARY KEY (`id`)
) ENGINE=InnoDB AUTO_INCREMENT=173 DEFAULT CHARSET=utf8 COLLATE=utf8_unicode_ci;
/*!40101 SET character_set_client = @saved_cs_client */;

--
-- Dumping data for table `migrations`
--

LOCK TABLES `migrations` WRITE;
/*!40000 ALTER TABLE `migrations` DISABLE KEYS */;
INSERT INTO `migrations` VALUES (160,'2014_10_12_000000_create_users_table',1),(161,'2014_10_12_100000_create_password_resets_table',1),(162,'2018_04_12_083532_create_groups_table',1),(163,'2018_04_12_090542_create_offices_table',1),(164,'2018_04_12_102405_create_levels_table',1),(165,'2018_04_12_102427_create_positions_table',1),(166,'2018_04_12_102829_create_officers_table',1),(167,'2018_04_19_040306_create_statuses_table',1),(168,'2018_04_19_043721_create_officer_status_table',1),(169,'2018_05_01_132228_create_level_officer_table',1),(170,'2018_05_02_032334_create_officer_position_table',1),(171,'2018_05_02_075643_create_level_office_table',1),(172,'2018_05_09_085852_create_parts_table',1);
/*!40000 ALTER TABLE `migrations` ENABLE KEYS */;
UNLOCK TABLES;

--
-- Table structure for table `officer_position`
--

DROP TABLE IF EXISTS `officer_position`;
/*!40101 SET @saved_cs_client     = @@character_set_client */;
/*!40101 SET character_set_client = utf8 */;
CREATE TABLE `officer_position` (
  `id` int(10) unsigned NOT NULL AUTO_INCREMENT,
  `officer_id` int(10) unsigned NOT NULL,
  `position_id` int(10) unsigned NOT NULL,
  `office_id` int(10) unsigned NOT NULL DEFAULT '0',
  `note` varchar(191) COLLATE utf8_unicode_ci NOT NULL DEFAULT 'empty',
  `created_at` timestamp NULL DEFAULT NULL,
  `updated_at` timestamp NULL DEFAULT NULL,
  PRIMARY KEY (`id`),
  KEY `officer_position_officer_id_foreign` (`officer_id`),
  KEY `officer_position_position_id_foreign` (`position_id`),
  CONSTRAINT `officer_position_officer_id_foreign` FOREIGN KEY (`officer_id`) REFERENCES `officers` (`id`) ON DELETE CASCADE,
  CONSTRAINT `officer_position_position_id_foreign` FOREIGN KEY (`position_id`) REFERENCES `positions` (`id`) ON DELETE CASCADE
) ENGINE=InnoDB AUTO_INCREMENT=366 DEFAULT CHARSET=utf8 COLLATE=utf8_unicode_ci;
/*!40101 SET character_set_client = @saved_cs_client */;

--
-- Dumping data for table `officer_position`
--

LOCK TABLES `officer_position` WRITE;
/*!40000 ALTER TABLE `officer_position` DISABLE KEYS */;
INSERT INTO `officer_position` VALUES (1,1,4,0,'{\"number\":\"4072\",\"dates\":\"24\\/12\\/2013\"}','2018-05-10 09:39:00','2018-05-10 09:39:00'),(2,2,5,0,'{\"number\":\"282\",\"dates\":\"06\\/02\\/2013\"}','2018-05-10 09:39:00','2018-05-10 09:39:00'),(3,3,5,0,'{\"number\":\"893\\u1794\\u17d2\\u179a\\u1780\",\"dates\":\"22\\/08\\/2000\"}','2018-05-10 09:39:00','2018-05-10 09:39:00'),(4,4,5,0,'{\"number\":\"1157\\u1794\\u17d2\\u179a\\u1780\",\"dates\":\"24\\/10\\/2001\"}','2018-05-10 09:39:00','2018-05-10 09:39:00'),(5,5,5,0,'{\"number\":\"1007\",\"dates\":\"05\\/04\\/2012\"}','2018-05-10 09:39:00','2018-05-10 09:39:00'),(9,9,6,0,'{\"number\":\"539\",\"dates\":\"13\\/08\\/2014\"}','2018-05-10 09:52:54','2018-05-10 09:52:54'),(10,10,8,0,'{\"number\":\"542\",\"dates\":\"27\\/08\\/2004\"}','2018-05-10 09:52:54','2018-05-10 09:52:54'),(11,11,10,0,'{\"number\":\"3355\",\"dates\":\"05\\/10\\/2007\"}','2018-05-10 09:52:54','2018-05-10 09:52:54'),(12,12,6,0,'{\"number\":\"131\",\"dates\":\"23\\/02\\/2007\"}','2018-05-10 09:54:03','2018-05-10 09:54:03'),(13,13,8,0,'{\"number\":\"638\\u179f\\u179f\\u179a\",\"dates\":\"03\\/10\\/2011\"}','2018-05-10 09:54:03','2018-05-10 09:54:03'),(14,14,10,0,'{\"number\":\"3440\\u1794\\u17d2\\u179a\\u1780\",\"dates\":\"06\\/03\\/2015\"}','2018-05-10 09:54:03','2018-05-10 09:54:03'),(15,15,6,0,'{\"number\":\"596\\u179f\\u179f\\u179a\",\"dates\":\"22\\/12\\/2015\"}','2018-05-10 09:55:47','2018-05-10 09:55:47'),(16,16,8,0,'{\"number\":\"596\\u179f\\u179f\\u179a\",\"dates\":\"22\\/12\\/2015\"}','2018-05-10 09:55:47','2018-05-10 09:55:47'),(17,17,10,0,'{\"number\":\"307\\u179f\\u179f\\u179a\",\"dates\":\"17\\/05\\/2012\"}','2018-05-10 09:55:47','2018-05-10 09:55:47'),(18,18,6,0,'{\"number\":\"311\",\"dates\":\"20\\/06\\/2017\"}','2018-05-10 09:56:26','2018-05-10 09:56:26'),(19,19,8,0,'{\"number\":\"311\",\"dates\":\"20\\/06\\/2017\"}','2018-05-10 09:56:26','2018-05-10 09:56:26'),(20,20,10,0,'{\"number\":\"083\\u1794\\u17d2\\u179a\\u1780\",\"dates\":\"17\\/01\\/2012\"}','2018-05-10 09:56:26','2018-05-10 09:56:26'),(21,21,6,0,'{\"number\":\"596\\u179f\\u179f\\u179a\",\"dates\":\"22\\/12\\/2015\"}','2018-05-10 09:57:04','2018-05-10 09:57:04'),(22,22,8,0,'{\"number\":\"596\\u179f\\u179f\\u179a\",\"dates\":\"22\\/12\\/2015\"}','2018-05-10 09:57:04','2018-05-10 09:57:04'),(23,23,10,0,'{\"number\":\"\",\"dates\":\"01\\/01\\/1993\"}','2018-05-10 09:57:04','2018-05-10 09:57:04'),(24,24,6,0,'{\"number\":\"027\\u179f\\u179f\\u179a\",\"dates\":\"27\\/01\\/2015\"}','2018-05-10 09:58:37','2018-05-10 09:58:38'),(25,25,8,0,'{\"number\":\"049\\u179f\\u179f\\u179a\",\"dates\":\"24\\/01\\/2014\"}','2018-05-10 09:58:38','2018-05-10 09:58:38'),(26,26,8,0,'{\"number\":\"697\",\"dates\":\"29\\/12\\/2016\"}','2018-05-10 09:58:38','2018-05-10 09:58:38'),(27,27,10,0,'{\"number\":\"104\\u1794\\u17d2\\u179a\\u1780\",\"dates\":\"18\\/01\\/2012\"}','2018-05-10 09:58:38','2018-05-10 09:58:38'),(28,28,4,0,'{\"number\":\"282\\u1794\\u17d2\\u179a\\u1780\",\"dates\":\"06\\/02\\/2013\"}','2018-05-10 09:59:32','2018-05-10 09:59:32'),(29,29,5,0,'{\"number\":\"3722\",\"dates\":\"24\\/07\\/2017\"}','2018-05-10 09:59:32','2018-05-10 09:59:32'),(30,30,5,0,'{\"number\":\"194\\u1794\\u17d2\\u179a\\u1780\",\"dates\":\"08\\/08\\/2011\"}','2018-05-10 09:59:32','2018-05-10 09:59:32'),(31,31,6,0,'{\"number\":\"315\\u179f\\u179f\\u179a\",\"dates\":\"08\\/04\\/2009\"}','2018-05-10 10:10:35','2018-05-10 10:10:35'),(32,32,8,0,'{\"number\":\"189\\u179f\\u179f\\u179a\",\"dates\":\"27\\/03\\/2014\"}','2018-05-10 10:10:35','2018-05-10 10:10:35'),(33,33,6,0,'{\"number\":\"697\",\"dates\":\"29\\/12\\/2016\"}','2018-05-10 10:12:13','2018-05-10 10:12:13'),(34,34,8,0,'{\"number\":\"697\",\"dates\":\"29\\/12\\/2016\"}','2018-05-10 10:12:13','2018-05-10 10:12:13'),(35,35,10,0,'{\"number\":\"\",\"dates\":\"01\\/01\\/1993\"}','2018-05-10 10:12:13','2018-05-10 10:12:13'),(36,36,6,0,'{\"number\":\"335\\u179f\\u179f\\u179a\",\"dates\":\"28\\/06\\/2013\"}','2018-05-10 10:12:49','2018-05-10 10:12:49'),(37,37,10,0,'{\"number\":\"056\\u1794\\u17d2\\u179a\\u1780\",\"dates\":\"10\\/01\\/2007\"}','2018-05-10 10:12:49','2018-05-10 10:12:49'),(38,38,10,0,'{\"number\":\"\",\"dates\":\"27.11.1993\"}','2018-05-10 10:12:49','2018-05-10 10:12:49'),(39,39,4,0,'{\"number\":\"3731\\u1794\\u17d2\\u179a\\u1780\",\"dates\":\"23\\/03\\/2015\"}','2018-05-11 08:06:48','2018-05-11 08:06:48'),(40,40,5,0,'{\"number\":\"1101\\u1794\\u17d2\\u179a\\u1780\",\"dates\":\"03\\/06\\/2011\"}','2018-05-11 08:06:48','2018-05-11 08:06:48'),(41,41,6,0,'{\"number\":\"77\\u179f\\u179f\\u179a\",\"dates\":\"03\\/03\\/2016\"}','2018-05-11 08:08:19','2018-05-11 08:08:19'),(42,42,8,0,'{\"number\":\"463\\u179f\\u179f\\u179a\",\"dates\":\"23\\/09\\/2015\"}','2018-05-11 08:08:19','2018-05-11 08:08:19'),(43,43,6,0,'{\"number\":\"463\\u179f\\u179f\\u179a\\/23\\/9\\/15\\/691\\u179f\\u179f\\u179a\",\"dates\":\"10\\/09\\/2009\"}','2018-05-11 08:09:01','2018-05-11 08:09:01'),(44,44,8,0,'{\"number\":\"027\\u179f\\u179f\\u179a\",\"dates\":\"27\\/01\\/2015\"}','2018-05-11 08:09:01','2018-05-11 08:09:01'),(45,45,6,0,'{\"number\":\"691\\u179f\\u179f\\u179a\",\"dates\":\"10\\/09\\/2009\"}','2018-05-11 08:09:35','2018-05-11 08:09:35'),(46,46,8,0,'{\"number\":\"691\\u179f\\u179f\\u179a\",\"dates\":\"10\\/09\\/2009\"}','2018-05-11 08:09:35','2018-05-11 08:09:35'),(47,47,4,0,'{\"number\":\"138\\u1794\\u17d2\\u179a\\u1780\",\"dates\":\"15\\/01\\/2015\"}','2018-05-11 08:11:12','2018-05-11 08:11:12'),(48,48,5,0,'{\"number\":\"1007\\u1794\\u17d2\\u179a\\u1780\",\"dates\":\"05\\/04\\/2012\"}','2018-05-11 08:11:12','2018-05-11 08:11:12'),(49,49,5,0,'{\"number\":\"580\",\"dates\":\"28\\/02\\/2017\"}','2018-05-11 08:11:12','2018-05-11 08:11:12'),(50,50,6,0,'{\"number\":\"237\",\"dates\":\"08\\/05\\/2017\"}','2018-05-11 08:11:55','2018-05-11 08:11:55'),(51,51,8,0,'{\"number\":\"401\\u179f\\u179f\\u179a\",\"dates\":\"13\\/09\\/1999\"}','2018-05-11 08:11:55','2018-05-11 08:11:55'),(52,52,6,0,'{\"number\":\"539\\u179f\\u179f\\u179a\",\"dates\":\"13\\/08\\/2014\"}','2018-05-11 08:12:37','2018-05-11 08:12:37'),(53,53,10,0,'{\"number\":\"\",\"dates\":\"01\\/01\\/1993\"}','2018-05-11 08:12:37','2018-05-11 08:12:37'),(54,54,6,0,'{\"number\":\"027\\u179f\\u179f\\u179a\",\"dates\":\"27\\/01\\/2015\"}','2018-05-11 08:13:16','2018-05-11 08:13:16'),(55,55,8,0,'{\"number\":\"027\\u179f\\u179f\\u179a\",\"dates\":\"27\\/01\\/2015\"}','2018-05-11 08:13:16','2018-05-11 08:13:16'),(56,56,8,0,'{\"number\":\"237\",\"dates\":\"08\\/05\\/2017\"}','2018-05-11 08:13:16','2018-05-11 08:13:16'),(57,57,4,0,'{\"number\":\"10675\\u1794\\u17d2\\u179a\\u1780\",\"dates\":\"11\\/11\\/2016\"}','2018-05-11 08:14:28','2018-05-11 08:14:28'),(58,58,5,0,'{\"number\":\"2391\\u1794\\u17d2\\u179a\\u1780\",\"dates\":\"23\\/08\\/2002\"}','2018-05-11 08:14:28','2018-05-11 08:14:28'),(59,59,5,0,'{\"number\":\"396\\u1794\\u17d2\\u179a\\u1780\",\"dates\":\"12\\/12\\/2008\"}','2018-05-11 08:14:28','2018-05-11 08:14:28'),(60,60,5,0,'{\"number\":\"5753\\u1794\\u17d2\\u179a\\u1780\",\"dates\":\"03\\/08\\/2016\"}','2018-05-11 08:14:28','2018-05-11 08:14:28'),(61,61,6,0,'{\"number\":\"697\",\"dates\":\"29\\/12\\/2016\"}','2018-05-11 08:15:19','2018-05-11 08:15:19'),(62,62,8,0,'{\"number\":\"027\\u179f\\u179f\\u179a\",\"dates\":\"27\\/01\\/2015\"}','2018-05-11 08:15:19','2018-05-11 08:15:19'),(63,63,10,0,'{\"number\":\"056\\u1794\\u17d2\\u179a\\u1780\",\"dates\":\"10\\/01\\/2007\"}','2018-05-11 08:15:19','2018-05-11 08:15:19'),(64,64,6,0,'{\"number\":\"735\\u179f\\u179f\\u179a\",\"dates\":\"16\\/11\\/2011\"}','2018-05-11 08:16:14','2018-05-11 08:16:14'),(65,65,8,0,'{\"number\":\"697\",\"dates\":\"29\\/12\\/2016\"}','2018-05-11 08:16:14','2018-05-11 08:16:14'),(66,66,10,0,'{\"number\":\"\",\"dates\":\"01\\/01\\/1993\"}','2018-05-11 08:16:14','2018-05-11 08:16:14'),(67,67,4,0,'{\"number\":\"1157\\u1794\\u17d2\\u179a\\u1780\",\"dates\":\"24\\/10\\/2001\"}','2018-05-11 08:18:02','2018-05-11 08:18:02'),(68,68,5,0,'{\"number\":\"3722.00\",\"dates\":\"24\\/07\\/2017\"}','2018-05-11 08:18:02','2018-05-11 08:18:02'),(69,69,5,0,'{\"number\":\"660\\u1794\\u17d2\\u179a\\u1780\",\"dates\":\"14\\/03\\/2014\"}','2018-05-11 08:18:02','2018-05-11 08:18:02'),(70,70,6,0,'{\"number\":\"413\\u179f\\u179f\\u179a\",\"dates\":\"08\\/08\\/2011\"}','2018-05-11 08:18:55','2018-05-11 08:18:55'),(71,71,8,0,'{\"number\":\"239\\u179f\\u179f\\u179a\",\"dates\":\"09\\/05\\/2016\"}','2018-05-11 08:18:55','2018-05-11 08:18:55'),(72,72,6,0,'{\"number\":\"239\\u179f\\u179f\\u179a\",\"dates\":\"09\\/05\\/2016\"}','2018-05-11 08:19:56','2018-05-11 08:19:56'),(73,73,8,0,'{\"number\":\"410\\u179f\\u179f\\u179a\",\"dates\":\"26\\/05\\/2012\"}','2018-05-11 08:19:56','2018-05-11 08:19:56'),(74,74,10,0,'{\"number\":\"083\\u1794\\u17d2\\u179a\\u1780\",\"dates\":\"17\\/01\\/2012\"}','2018-05-11 08:19:56','2018-05-11 08:19:56'),(75,75,6,0,'{\"number\":\"413\\u179f\\u179f\\u179a\",\"dates\":\"08\\/08\\/2011\"}','2018-05-11 08:20:30','2018-05-11 08:20:30'),(76,76,8,0,'{\"number\":\"413\\u179f\\u179f\\u179a\",\"dates\":\"08\\/08\\/2011\"}','2018-05-11 08:20:30','2018-05-11 08:20:30'),(77,77,10,0,'{\"number\":\"\",\"dates\":\"10\\/01\\/2007\"}','2018-05-11 08:20:30','2018-05-11 08:20:30'),(78,78,4,0,'{\"number\":\"017\\u1794\\u17d2\\u179a\\u1780\",\"dates\":\"25\\/11\\/1994\"}','2018-05-11 08:21:07','2018-05-11 08:21:07'),(79,79,5,0,'{\"number\":\"1899\\u1794\\u17d2\\u179a\\u1780\",\"dates\":\"03\\/05\\/2013\"}','2018-05-11 08:21:07','2018-05-11 08:21:07'),(80,80,5,0,'{\"number\":\"2076\\u1794\\u17d2\\u179a\\u1780\",\"dates\":\"23\\/02\\/2016\"}','2018-05-11 08:21:07','2018-05-11 08:21:07'),(81,81,6,0,'{\"number\":\"560\\u179f\\u179f\\u179a\",\"dates\":\"27\\/11\\/2013\"}','2018-05-11 08:22:19','2018-05-11 08:22:19'),(82,82,8,0,'{\"number\":\"239\\u179f\\u179f\\u179a\",\"dates\":\"09\\/05\\/2016\"}','2018-05-11 08:22:19','2018-05-11 08:22:19'),(83,83,8,0,'{\"number\":\"239\\u179f\\u179f\\u179a\",\"dates\":\"09\\/05\\/2016\"}','2018-05-11 08:22:19','2018-05-11 08:22:19'),(84,84,6,0,'{\"number\":\"560\\u179f\\u179f\\u179a\",\"dates\":\"27\\/11\\/2013\"}','2018-05-11 08:23:54','2018-05-11 08:23:54'),(85,85,8,0,'{\"number\":\"560\\u179f\\u179f\\u179a\",\"dates\":\"27\\/11\\/2013\"}','2018-05-11 08:23:54','2018-05-11 08:23:54'),(86,86,8,0,'{\"number\":\"239\\u179f\\u179f\\u179a\",\"dates\":\"09\\/05\\/2016\"}','2018-05-11 08:23:54','2018-05-11 08:23:54'),(87,87,8,0,'{\"number\":\"198\\u179f\\u179f\\u179a\",\"dates\":\"26\\/03\\/2012\"}','2018-05-11 08:24:22','2018-05-11 08:24:22'),(88,88,8,0,'{\"number\":\"560\\u179f\\u179f\\u179a\",\"dates\":\"27\\/11\\/2013\"}','2018-05-11 08:24:22','2018-05-11 08:24:22'),(89,89,10,0,'{\"number\":\"401\\u179f\\u179f\\u179a\",\"dates\":\"13\\/09\\/1999\"}','2018-05-11 08:24:22','2018-05-11 08:24:22'),(90,90,4,0,'{\"number\":\"10675\\u1794\\u17d2\\u179a\\u1780\",\"dates\":\"11\\/11\\/2016\"}','2018-05-11 08:25:15','2018-05-11 08:25:15'),(91,91,5,0,'{\"number\":\"4288\\u1794\\u17d2\\u179a\\u1780\",\"dates\":\"27\\/09\\/2012\"}','2018-05-11 08:25:16','2018-05-11 08:25:16'),(92,92,5,0,'{\"number\":\"10675\\u1794\\u17d2\\u179a\\u1780\",\"dates\":\"11\\/11\\/2016\"}','2018-05-11 08:25:16','2018-05-11 08:25:16'),(93,93,6,0,'{\"number\":\"219\",\"dates\":\"28\\/03\\/2018\"}','2018-05-11 08:28:31','2018-05-11 08:28:31'),(94,94,8,0,'{\"number\":\"189\\u179f\\u179f\\u179a\",\"dates\":\"27\\/03\\/2014\"}','2018-05-11 08:28:32','2018-05-11 08:28:32'),(95,95,10,0,'{\"number\":\"5612\\u1794\\u17d2\\u179a\\u1780\",\"dates\":\"22\\/12\\/2014\"}','2018-05-11 08:28:32','2018-05-11 08:28:32'),(96,96,10,0,'{\"number\":\"\",\"dates\":\"01\\/01\\/1993\"}','2018-05-11 08:28:32','2018-05-11 08:28:32'),(97,97,10,0,'{\"number\":\"5612\\u1794\\u17d2\\u179a\\u1780\",\"dates\":\"22\\/12\\/2014\"}','2018-05-11 08:28:32','2018-05-11 08:28:32'),(98,98,10,0,'{\"number\":\"5612\\u1794\\u17d2\\u179a\\u1780\",\"dates\":\"22\\/12\\/2014\"}','2018-05-11 08:28:32','2018-05-11 08:28:32'),(99,99,10,0,'{\"number\":\"3628\",\"dates\":\"18\\/07\\/2017\"}','2018-05-11 08:28:32','2018-05-11 08:28:32'),(100,100,10,0,'{\"number\":\"3628\",\"dates\":\"18\\/07\\/2017\"}','2018-05-11 08:28:32','2018-05-11 08:28:32'),(101,101,10,0,'{\"number\":\"2649\",\"dates\":\"14\\/08\\/2009\"}','2018-05-11 08:28:32','2018-05-11 08:28:32'),(102,102,10,0,'{\"number\":\"\",\"dates\":\"01\\/01\\/1993\"}','2018-05-11 08:28:32','2018-05-11 08:28:32'),(103,103,10,0,'{\"number\":\"5612\\u1794\\u17d2\\u179a\\u1780\",\"dates\":\"22\\/12\\/2014\"}','2018-05-11 08:28:32','2018-05-11 08:28:32'),(104,104,8,0,'{\"number\":\"218\",\"dates\":\"28\\/03\\/2018\"}','2018-05-11 08:29:21','2018-05-11 08:29:21'),(105,105,10,0,'{\"number\":\"5612\\u1794\\u17d2\\u179a\\u1780\",\"dates\":\"22\\/12\\/2014\"}','2018-05-11 08:29:22','2018-05-11 08:29:22'),(106,106,10,0,'{\"number\":\"5612\\u1794\\u17d2\\u179a\\u1780\",\"dates\":\"22\\/12\\/2014\"}','2018-05-11 08:29:22','2018-05-11 08:29:22'),(107,107,10,0,'{\"number\":\"5612\\u1794\\u17d2\\u179a\\u1780\",\"dates\":\"22\\/12\\/2014\"}','2018-05-11 08:29:22','2018-05-11 08:29:22'),(108,108,10,0,'{\"number\":\"5612\\u1794\\u17d2\\u179a\\u1780\",\"dates\":\"22\\/12\\/2014\"}','2018-05-11 08:29:22','2018-05-11 08:29:22'),(109,109,10,0,'{\"number\":\"5612\\u1794\\u17d2\\u179a\\u1780\",\"dates\":\"22\\/12\\/2014\"}','2018-05-11 08:29:22','2018-05-11 08:29:22'),(110,110,10,0,'{\"number\":\"5612\\u1794\\u17d2\\u179a\\u1780\",\"dates\":\"22\\/12\\/2014\"}','2018-05-11 08:29:22','2018-05-11 08:29:22'),(111,111,10,0,'{\"number\":\"\",\"dates\":\"01\\/01\\/1993\"}','2018-05-11 08:29:22','2018-05-11 08:29:22'),(112,112,10,0,'{\"number\":\"5612\\u1794\\u17d2\\u179a\\u1780\",\"dates\":\"22\\/12\\/2014\"}','2018-05-11 08:29:22','2018-05-11 08:29:22'),(113,113,10,0,'{\"number\":\"3628\",\"dates\":\"18\\/07\\/2017\"}','2018-05-11 08:29:22','2018-05-11 08:29:22'),(114,114,10,0,'{\"number\":\"3628\",\"dates\":\"18\\/07\\/2017\"}','2018-05-11 08:29:22','2018-05-11 08:29:22'),(115,115,10,0,'{\"number\":\"5612\\u1794\\u17d2\\u179a\\u1780\",\"dates\":\"22\\/12\\/2014\"}','2018-05-11 08:29:22','2018-05-11 08:29:22'),(116,116,10,0,'{\"number\":\"056\\u1794\\u17d2\\u179a\\u1780\",\"dates\":\"10\\/01\\/2007\"}','2018-05-11 08:29:22','2018-05-11 08:29:22'),(117,117,6,0,'{\"number\":\"335\\u179f\\u179f\\u179a\",\"dates\":\"28\\/06\\/2013\"}','2018-05-11 08:30:26','2018-05-11 08:30:26'),(118,118,8,0,'{\"number\":\"219\",\"dates\":\"28\\/03\\/2018\"}','2018-05-11 08:30:26','2018-05-11 08:30:26'),(119,119,10,0,'{\"number\":\"5612\\u1794\\u17d2\\u179a\\u1780\",\"dates\":\"22\\/12\\/2014\"}','2018-05-11 08:30:26','2018-05-11 08:30:26'),(120,120,10,0,'{\"number\":\"5612\\u1794\\u17d2\\u179a\\u1780\",\"dates\":\"22\\/12\\/2014\"}','2018-05-11 08:30:26','2018-05-11 08:30:26'),(121,121,10,0,'{\"number\":\"5612\\u1794\\u17d2\\u179a\\u1780\",\"dates\":\"22\\/12\\/2014\"}','2018-05-11 08:30:26','2018-05-11 08:30:26'),(122,122,10,0,'{\"number\":\"5612\\u1794\\u17d2\\u179a\\u1780\",\"dates\":\"22\\/12\\/2014\"}','2018-05-11 08:30:26','2018-05-11 08:30:26'),(123,123,10,0,'{\"number\":\"5612\\u1794\\u17d2\\u179a\\u1780\",\"dates\":\"22\\/12\\/2014\"}','2018-05-11 08:30:26','2018-05-11 08:30:26'),(124,124,10,0,'{\"number\":\"539\",\"dates\":\"27\\/08\\/2004\"}','2018-05-11 08:30:26','2018-05-11 08:30:26'),(125,125,10,0,'{\"number\":\"5612\\u1794\\u17d2\\u179a\\u1780\",\"dates\":\"22\\/12\\/2014\"}','2018-05-11 08:30:26','2018-05-11 08:30:26'),(126,126,10,0,'{\"number\":\"1034\",\"dates\":\"11\\/04\\/2017\"}','2018-05-11 08:30:26','2018-05-11 08:30:26'),(127,127,10,0,'{\"number\":\"3628\",\"dates\":\"18\\/07\\/2017\"}','2018-05-11 08:30:27','2018-05-11 08:30:27'),(128,128,10,0,'{\"number\":\"\",\"dates\":\"01\\/01\\/1993\"}','2018-05-11 08:30:27','2018-05-11 08:30:27'),(129,129,6,0,'{\"number\":\"237\",\"dates\":\"08\\/05\\/2017\"}','2018-05-11 08:32:13','2018-05-11 08:32:13'),(130,130,8,0,'{\"number\":\"237\",\"dates\":\"08\\/05\\/2017\"}','2018-05-11 08:32:13','2018-05-11 08:32:13'),(131,131,10,0,'{\"number\":\"0.00\",\"dates\":\"01\\/01\\/1993\"}','2018-05-11 08:32:13','2018-05-11 08:32:13'),(132,132,10,0,'{\"number\":\"5612\\u1794\\u17d2\\u179a\\u1780\",\"dates\":\"22\\/12\\/2014\"}','2018-05-11 08:32:13','2018-05-11 08:32:13'),(133,133,10,0,'{\"number\":\"5612\\u1794\\u17d2\\u179a\\u1780\",\"dates\":\"22\\/12\\/2014\"}','2018-05-11 08:32:13','2018-05-11 08:32:13'),(134,134,10,0,'{\"number\":\"5612\\u1794\\u17d2\\u179a\\u1780\",\"dates\":\"22\\/12\\/2014\"}','2018-05-11 08:32:13','2018-05-11 08:32:13'),(135,135,10,0,'{\"number\":\"5612\\u1794\\u17d2\\u179a\\u1780\",\"dates\":\"22\\/12\\/2014\"}','2018-05-11 08:32:13','2018-05-11 08:32:13'),(136,136,10,0,'{\"number\":\"3440\\u1794\\u17d2\\u179a\\u1780\",\"dates\":\"06\\/03\\/2015\"}','2018-05-11 08:32:13','2018-05-11 08:32:13'),(137,137,10,0,'{\"number\":\"5612\\u1794\\u17d2\\u179a\\u1780\",\"dates\":\"22\\/12\\/2014\"}','2018-05-11 08:32:13','2018-05-11 08:32:13'),(138,138,10,0,'{\"number\":\"5612\\u1794\\u17d2\\u179a\\u1780\",\"dates\":\"22\\/12\\/2014\"}','2018-05-11 08:32:13','2018-05-11 08:32:13'),(139,139,10,0,'{\"number\":\"1034\",\"dates\":\"11\\/04\\/2017\"}','2018-05-11 08:32:13','2018-05-11 08:32:13'),(140,140,6,0,'{\"number\":\"760\\u179f\\u179f\\u179a\",\"dates\":\"16\\/09\\/2009\"}','2018-05-11 08:34:37','2018-05-11 08:34:37'),(141,141,8,0,'{\"number\":\"760\\u179f\\u179f\\u179a\",\"dates\":\"16\\/09\\/2009\"}','2018-05-11 08:34:37','2018-05-11 08:34:37'),(142,142,10,0,'{\"number\":\"aaa\",\"dates\":\"09\\/09\\/1990\"}','2018-05-11 08:34:37','2018-05-11 08:34:37'),(143,143,10,0,'{\"number\":\"aaa\",\"dates\":\"01\\/01\\/1993\"}','2018-05-11 08:34:37','2018-05-11 08:34:37'),(144,144,10,0,'{\"number\":\"aaa\",\"dates\":\"01\\/01\\/1993\"}','2018-05-11 08:34:37','2018-05-11 08:34:37'),(145,145,10,0,'{\"number\":\"056\\u1794\\u17d2\\u179a\\u1780\",\"dates\":\"10\\/01\\/2007\"}','2018-05-11 08:34:37','2018-05-11 08:34:37'),(146,146,10,0,'{\"number\":\"aaa\",\"dates\":\"01\\/01\\/1993\"}','2018-05-11 08:34:37','2018-05-11 08:34:37'),(147,147,10,0,'{\"number\":\"aaa\",\"dates\":\"05\\/08\\/2008\"}','2018-05-11 08:34:37','2018-05-11 08:34:37'),(148,148,10,0,'{\"number\":\"aaa\",\"dates\":\"01\\/01\\/1994\"}','2018-05-11 08:34:37','2018-05-11 08:34:37'),(149,149,10,0,'{\"number\":\"aaa\",\"dates\":\"01\\/01\\/1993\"}','2018-05-11 08:34:37','2018-05-11 08:34:37'),(150,150,10,0,'{\"number\":\"1034\",\"dates\":\"11\\/04\\/2017\"}','2018-05-11 08:34:37','2018-05-11 08:34:37'),(151,151,4,0,'{\"number\":\"3731\\u1794\\u17d2\\u179a\\u1780\",\"dates\":\"23\\/03\\/2015\"}','2018-05-11 08:35:38','2018-05-11 08:35:38'),(152,152,5,0,'{\"number\":\"529\\u1794\\u17d2\\u179a\\u1780\",\"dates\":\"16\\/04\\/2005\"}','2018-05-11 08:35:39','2018-05-11 08:35:39'),(153,153,5,0,'{\"number\":\"1899\\u1794\\u17d2\\u179a\\u1780\",\"dates\":\"03\\/05\\/2013\"}','2018-05-11 08:35:39','2018-05-11 08:35:39'),(154,154,5,0,'{\"number\":\"3034\\u1794\\u17d2\\u179a\\u1780\",\"dates\":\"11\\/09\\/2009\"}','2018-05-11 08:35:39','2018-05-11 08:35:39'),(155,155,6,0,'{\"number\":\"335\\u179f\\u179f\\u179a\",\"dates\":\"28\\/06\\/2013\"}','2018-05-11 08:39:02','2018-05-11 08:39:02'),(156,156,8,0,'{\"number\":\"638\\u179f\\u179f\\u179a\",\"dates\":\"03\\/10\\/2011\"}','2018-05-11 08:39:02','2018-05-11 08:39:02'),(157,157,8,0,'{\"number\":\"219\",\"dates\":\"28\\/03\\/2018\"}','2018-05-11 08:39:02','2018-05-11 08:39:02'),(158,158,10,0,'{\"number\":\"3628\",\"dates\":\"18\\/07\\/2017\"}','2018-05-11 08:39:02','2018-05-11 08:39:02'),(159,159,6,0,'{\"number\":\"027\\u179f\\u179f\\u179a\",\"dates\":\"27\\/01\\/2015\"}','2018-05-11 08:41:01','2018-05-11 08:41:01'),(160,160,8,0,'{\"number\":\"027\\u179f\\u179f\\u179a\",\"dates\":\"27\\/01\\/2015\"}','2018-05-11 08:41:01','2018-05-11 08:41:01'),(161,161,10,0,'{\"number\":\"na\",\"dates\":\"01\\/01\\/1993\"}','2018-05-11 08:41:01','2018-05-11 08:41:01'),(162,162,6,0,'{\"number\":\"410\\u179f\\u179f\\u179a\",\"dates\":\"16\\/11\\/2000\"}','2018-05-11 08:41:51','2018-05-11 08:41:51'),(163,163,10,0,'{\"number\":\"3628\",\"dates\":\"18\\/07\\/2017\"}','2018-05-11 08:41:51','2018-05-11 08:41:51'),(164,164,6,0,'{\"number\":\"694\\u179f\\u179f\\u179a\",\"dates\":\"10\\/09\\/2009\"}','2018-05-11 08:42:26','2018-05-11 08:42:26'),(165,165,8,0,'{\"number\":\"228\\u179f\\u179f\\u179a\",\"dates\":\"25\\/06\\/2015\"}','2018-05-11 08:42:26','2018-05-11 08:42:26'),(166,166,10,0,'{\"number\":\"3628\",\"dates\":\"18\\/07\\/2017\"}','2018-05-11 08:42:26','2018-05-11 08:42:26'),(167,167,6,0,'{\"number\":\"413\\u179f\\u179f\\u179a\",\"dates\":\"08\\/08\\/2011\"}','2018-05-11 08:45:00','2018-05-11 08:45:01'),(168,168,8,0,'{\"number\":\"237\",\"dates\":\"08\\/05\\/2017\"}','2018-05-11 08:45:01','2018-05-11 08:45:01'),(169,169,10,0,'{\"number\":\"5612\\u1794\\u17d2\\u179a\\u1780\",\"dates\":\"22\\/12\\/2014\"}','2018-05-11 08:45:01','2018-05-11 08:45:01'),(170,170,6,0,'{\"number\":\"027\\u179f\\u179f\\u179a\",\"dates\":\"27\\/01\\/2015\"}','2018-05-11 08:46:17','2018-05-11 08:46:17'),(171,171,8,0,'{\"number\":\"335\\u179f\\u179f\\u179a\",\"dates\":\"28\\/06\\/2013\"}','2018-05-11 08:46:17','2018-05-11 08:46:17'),(172,172,8,0,'{\"number\":\"335\\u179f\\u179f\\u179a\",\"dates\":\"28\\/06\\/2013\"}','2018-05-11 08:46:17','2018-05-11 08:46:17'),(173,173,6,0,'{\"number\":\"539\\u179f\\u179f\\u179a\",\"dates\":\"13\\/08\\/2014\"}','2018-05-11 08:46:50','2018-05-11 08:46:50'),(174,174,8,0,'{\"number\":\"539\\u179f\\u179f\\u179a\",\"dates\":\"13\\/08\\/2014\"}','2018-05-11 08:46:50','2018-05-11 08:46:50'),(175,175,10,0,'{\"number\":\"na\",\"dates\":\"01\\/01\\/1994\"}','2018-05-11 08:46:50','2018-05-11 08:46:50'),(176,176,4,0,'{\"number\":\"282\\u1794\\u17d2\\u179a\\u1780,5753\\u1794\\u17d2\\u179a\\u1780,3\\/8\\/16\",\"dates\":\"06\\/02\\/2013\"}','2018-05-11 09:13:07','2018-05-11 09:13:07'),(177,177,5,0,'{\"number\":\"3536\\u1794\\u17d2\\u179a\\u1780\",\"dates\":\"30\\/10\\/2007\"}','2018-05-11 09:13:07','2018-05-11 09:13:07'),(178,178,5,0,'{\"number\":\"2694\\u1794\\u17d2\\u179a\\u1780\",\"dates\":\"20\\/06\\/2013\"}','2018-05-11 09:13:08','2018-05-11 09:13:08'),(179,179,5,0,'{\"number\":\"10023\\u1794\\u17d2\\u179a\\u1780\",\"dates\":\"01\\/12\\/2015\"}','2018-05-11 09:13:08','2018-05-11 09:13:08'),(180,180,6,0,'{\"number\":\"77\\u179f\\u179f\\u179a\",\"dates\":\"03\\/03\\/2016\"}','2018-05-11 09:14:11','2018-05-11 09:14:11'),(181,181,8,0,'{\"number\":\"413\\u179f\\u179f\\u179a\",\"dates\":\"08\\/08\\/2011\"}','2018-05-11 09:14:11','2018-05-11 09:14:11'),(182,182,10,0,'{\"number\":\"5611\",\"dates\":\"20\\/06\\/2017\"}','2018-05-11 09:14:11','2018-05-11 09:14:11'),(183,183,10,0,'{\"number\":\"3628\",\"dates\":\"18\\/07\\/2017\"}','2018-05-11 09:14:11','2018-05-11 09:14:11'),(184,184,6,0,'{\"number\":\"401\\u179f\\u179f\\u179a\",\"dates\":\"13\\/09\\/1999\"}','2018-05-11 09:19:34','2018-05-11 09:19:34'),(185,185,8,0,'{\"number\":\"401\\u179f\\u179f\\u179a\",\"dates\":\"13\\/09\\/1999\"}','2018-05-11 09:19:34','2018-05-11 09:19:34'),(186,186,10,0,'{\"number\":\"3628\",\"dates\":\"18\\/07\\/2017\"}','2018-05-11 09:19:34','2018-05-11 09:19:34'),(187,187,10,0,'{\"number\":\"3628\",\"dates\":\"18\\/07\\/2017\"}','2018-05-11 09:19:34','2018-05-11 09:19:34'),(188,188,6,0,'{\"number\":\"247\\u179f,189,14\",\"dates\":\"27\\/03\\/2014\"}','2018-05-11 09:20:37','2018-05-11 09:20:37'),(189,189,8,0,'{\"number\":\"228\\u179f\\u179f\\u179a\",\"dates\":\"25\\/06\\/2015\"}','2018-05-11 09:20:37','2018-05-11 09:20:37'),(190,190,10,0,'{\"number\":\"3628\",\"dates\":\"18\\/07\\/2017\"}','2018-05-11 09:20:37','2018-05-11 09:20:37'),(191,191,6,0,'{\"number\":\"060\\u179f\\u179f\\u179a\",\"dates\":\"03\\/02\\/2004\"}','2018-05-11 09:23:15','2018-05-11 09:23:15'),(192,192,8,0,'{\"number\":\"77\\u179f\\u179f\\u179a\",\"dates\":\"03\\/03\\/2016\"}','2018-05-11 09:23:15','2018-05-11 09:23:15'),(193,193,10,0,'{\"number\":\"3628\",\"dates\":\"18\\/07\\/2017\"}','2018-05-11 09:23:15','2018-05-11 09:23:15'),(194,194,6,0,'{\"number\":\"735\\u179f\\u179f\\u179a\",\"dates\":\"16\\/11\\/2011\"}','2018-05-11 09:24:04','2018-05-11 09:24:04'),(195,195,8,0,'{\"number\":\"198\\u179f\\u179f\\u179a\",\"dates\":\"26\\/03\\/2012\"}','2018-05-11 09:24:05','2018-05-11 09:24:05'),(196,196,4,0,'{\"number\":\"2076\\u1794\\u17d2\\u179a\\u1780\",\"dates\":\"23\\/02\\/2016\"}','2018-05-11 09:42:51','2018-05-11 09:42:52'),(197,197,5,0,'{\"number\":\"4256\\u1794\\u17d2\\u179a\\u1780\",\"dates\":\"25\\/09\\/2012\"}','2018-05-11 09:42:52','2018-05-11 09:42:52'),(198,198,5,0,'{\"number\":\"3731\\u1794\\u17d2\\u179a\\u1780\",\"dates\":\"23\\/03\\/2015\"}','2018-05-11 09:42:52','2018-05-11 09:42:52'),(199,199,6,0,'{\"number\":\"228\\u179f\\u179f\\u179a\",\"dates\":\"25\\/06\\/2015\"}','2018-05-11 09:43:42','2018-05-11 09:43:42'),(200,200,8,0,'{\"number\":\"237\",\"dates\":\"08\\/05\\/2017\"}','2018-05-11 09:43:42','2018-05-11 09:43:42'),(201,201,10,0,'{\"number\":\"NA\",\"dates\":\"01\\/10\\/1994\"}','2018-05-11 09:43:42','2018-05-11 09:43:42'),(202,202,6,0,'{\"number\":\"228\\u179f\\u179f\\u179a\",\"dates\":\"25\\/06\\/2015\"}','2018-05-11 09:44:20','2018-05-11 09:44:20'),(203,203,8,0,'{\"number\":\"228\\u179f\\u179f\\u179a\",\"dates\":\"25\\/06\\/2015\"}','2018-05-11 09:44:21','2018-05-11 09:44:21'),(204,204,6,0,'{\"number\":\"247\\u179f\\u179f\\u179a\",\"dates\":\"10\\/03\\/2009\"}','2018-05-11 09:44:55','2018-05-11 09:44:55'),(205,205,8,0,'{\"number\":\"735.335\\u179f\\u179f\\u179a\",\"dates\":\"16\\/11\\/2011\"}','2018-05-11 09:44:55','2018-05-11 09:44:55'),(206,206,10,0,'{\"number\":\"4252\\u1794\\u17d2\\u179a\\u1780\",\"dates\":\"29\\/12\\/2009\"}','2018-05-11 09:44:55','2018-05-11 09:44:55'),(207,207,6,0,'{\"number\":\"1267\\u179f\\u179f\\u179a\",\"dates\":\"28\\/12\\/2009\"}','2018-05-11 09:45:55','2018-05-11 09:45:55'),(208,208,8,0,'{\"number\":\"157\\u179f\\u179f\\u179a\",\"dates\":\"28\\/05\\/2001\"}','2018-05-11 09:45:55','2018-05-11 09:45:55'),(209,209,10,0,'{\"number\":\"na\",\"dates\":\"01\\/01\\/1993\"}','2018-05-11 09:45:55','2018-05-11 09:45:55'),(210,210,6,0,'{\"number\":\"219\",\"dates\":\"28\\/03\\/2018\"}','2018-05-11 09:46:52','2018-05-11 09:46:52'),(211,211,8,0,'{\"number\":\"401\\u179f\\u179f\\u179a\",\"dates\":\"13\\/09\\/1999\"}','2018-05-11 09:46:52','2018-05-11 09:46:52'),(212,212,4,0,'{\"number\":\"6041\\u1794\\u17d2\\u179a\\u1780\",\"dates\":\"30\\/06\\/2015\"}','2018-05-11 09:48:53','2018-05-11 09:48:53'),(213,213,5,0,'{\"number\":\"1899\\u1794\\u17d2\\u179a\\u1780\",\"dates\":\"03\\/05\\/2013\"}','2018-05-11 09:48:53','2018-05-11 09:48:53'),(214,214,5,0,'{\"number\":\"5786\\u1794\\u17d2\\u179a\\u1780\",\"dates\":\"22\\/05\\/2015\"}','2018-05-11 09:48:53','2018-05-11 09:48:53'),(215,215,5,0,'{\"number\":\"580\",\"dates\":\"28\\/02\\/2017\"}','2018-05-11 09:48:53','2018-05-11 09:48:53'),(216,216,6,0,'{\"number\":\"700\\u179f\\u179f\\u179a\",\"dates\":\"24\\/08\\/2006\"}','2018-05-11 09:52:17','2018-05-11 09:52:17'),(217,217,8,0,'{\"number\":\"189\\u179f\\u179f\\u179a\",\"dates\":\"27\\/03\\/2014\"}','2018-05-11 09:52:17','2018-05-11 09:52:17'),(218,218,10,0,'{\"number\":\"3628\",\"dates\":\"18\\/07\\/2017\"}','2018-05-11 09:52:17','2018-05-11 09:52:17'),(219,219,6,0,'{\"number\":\"413\\u179f\\u179f\\u179a\",\"dates\":\"19\\/08\\/2008\"}','2018-05-11 09:53:23','2018-05-11 09:53:23'),(220,220,8,0,'{\"number\":\"596\\u179f\\u179f\\u179a\",\"dates\":\"22\\/12\\/2015\"}','2018-05-11 09:53:23','2018-05-11 09:53:23'),(221,221,8,0,'{\"number\":\"027\\u179f\\u179f\\u179a\",\"dates\":\"27\\/01\\/2015\"}','2018-05-11 09:53:23','2018-05-11 09:53:23'),(222,222,10,0,'{\"number\":\"\",\"dates\":\"23\\/11\\/1993\"}','2018-05-11 09:53:23','2018-05-11 09:53:23'),(223,223,10,0,'{\"number\":\"na\",\"dates\":\"na\"}','2018-05-11 09:53:23','2018-05-11 09:53:23'),(224,224,6,0,'{\"number\":\"219\",\"dates\":\"28\\/03\\/2018\"}','2018-05-11 09:54:17','2018-05-11 09:54:17'),(225,225,8,0,'{\"number\":\"413\\u179f\\u179f\\u179a\",\"dates\":\"08\\/08\\/2011\"}','2018-05-11 09:54:17','2018-05-11 09:54:17'),(226,226,10,0,'{\"number\":\"na\",\"dates\":\"26\\/03\\/1993\"}','2018-05-11 09:54:17','2018-05-11 09:54:17'),(227,227,10,0,'{\"number\":\"na\",\"dates\":\"01\\/01\\/1993\"}','2018-05-11 09:54:17','2018-05-11 09:54:17'),(228,228,10,0,'{\"number\":\"104\\u1794\\u17d2\\u179a\\u1780\",\"dates\":\"18\\/01\\/2012\"}','2018-05-11 09:54:17','2018-05-11 09:54:17'),(229,229,6,0,'{\"number\":\"691\\u179f\\u179f\\u179a\",\"dates\":\"10\\/09\\/2009\"}','2018-05-11 09:55:49','2018-05-11 09:55:50'),(230,230,8,0,'{\"number\":\"219\",\"dates\":\"28\\/03\\/2018\"}','2018-05-11 09:55:50','2018-05-11 09:55:50'),(231,231,10,0,'{\"number\":\"na\",\"dates\":\"10\\/10\\/1990\"}','2018-05-11 09:55:50','2018-05-11 09:55:50'),(232,232,10,0,'{\"number\":\"na\",\"dates\":\"01\\/10\\/2011\"}','2018-05-11 09:55:50','2018-05-11 09:55:50'),(233,233,10,0,'{\"number\":\"na\",\"dates\":\"10\\/01\\/2007\"}','2018-05-11 09:55:50','2018-05-11 09:55:50'),(234,234,6,0,'{\"number\":\"401\\u179f\\u179f\\u179a\",\"dates\":\"13\\/09\\/1999\"}','2018-05-11 09:57:02','2018-05-11 09:57:02'),(235,235,8,0,'{\"number\":\"418\\u179f\\u179f\\u179a\",\"dates\":\"16\\/06\\/2008\"}','2018-05-11 09:57:02','2018-05-11 09:57:02'),(236,236,10,0,'{\"number\":\"na\",\"dates\":\"26\\/12\\/1996\"}','2018-05-11 09:57:02','2018-05-11 09:57:02'),(237,237,10,0,'{\"number\":\"na\",\"dates\":\"01\\/04\\/2014\"}','2018-05-11 09:57:02','2018-05-11 09:57:02'),(238,238,4,0,'{\"number\":\"4398\\u1794\\u17d2\\u179a\\u1780\",\"dates\":\"10\\/05\\/2016\"}','2018-05-11 09:57:50','2018-05-11 09:57:50'),(239,239,5,0,'{\"number\":\"1101\\u1794\\u17d2\\u179a\\u1780\",\"dates\":\"03\\/06\\/2011\"}','2018-05-11 09:57:50','2018-05-11 09:57:50'),(240,240,5,0,'{\"number\":\"3731\\u1794\\u17d2\\u179a\\u1780\",\"dates\":\"23\\/03\\/2015\"}','2018-05-11 09:57:50','2018-05-11 09:57:50'),(241,241,6,0,'{\"number\":\"027\\u179f\\u179f\\u179a\",\"dates\":\"27\\/01\\/2015\"}','2018-05-11 09:58:38','2018-05-11 09:58:38'),(242,242,8,0,'{\"number\":\"539\\u179f\\u179f\\u179a\",\"dates\":\"13\\/08\\/2014\"}','2018-05-11 09:58:38','2018-05-11 09:58:38'),(243,243,10,0,'{\"number\":\"na\",\"dates\":\"20\\/04\\/1989\"}','2018-05-11 09:58:38','2018-05-11 09:58:38'),(244,244,10,0,'{\"number\":\"na\",\"dates\":\"02\\/02\\/2002\"}','2018-05-11 09:58:38','2018-05-11 09:58:38'),(245,245,10,0,'{\"number\":\"na\",\"dates\":\"01\\/01\\/1993\"}','2018-05-11 09:58:38','2018-05-11 09:58:38'),(246,246,6,0,'{\"number\":\"335\\u179f\\u179f\\u179a\",\"dates\":\"28\\/06\\/2013\"}','2018-05-11 09:59:26','2018-05-11 09:59:26'),(247,247,8,0,'{\"number\":\"596\\u179f\\u179f\\u179a\",\"dates\":\"22\\/12\\/2015\"}','2018-05-11 09:59:26','2018-05-11 09:59:26'),(248,248,10,0,'{\"number\":\"na\",\"dates\":\"01\\/01\\/1993\"}','2018-05-11 09:59:26','2018-05-11 09:59:26'),(249,249,6,0,'{\"number\":\"307\\u179f\\u179f\\u179a\",\"dates\":\"31\\/12\\/2010\"}','2018-05-11 10:00:51','2018-05-11 10:00:51'),(250,250,8,0,'{\"number\":\"189\\u179f\\u179f\\u179a\",\"dates\":\"27\\/03\\/2014\"}','2018-05-11 10:00:51','2018-05-11 10:00:51'),(251,251,10,0,'{\"number\":\"na\",\"dates\":\"01\\/01\\/1993\"}','2018-05-11 10:00:51','2018-05-11 10:00:51'),(252,252,6,0,'{\"number\":\"228\\u179f\\u179f\\u179a\",\"dates\":\"25\\/06\\/2015\"}','2018-05-11 10:01:46','2018-05-11 10:01:46'),(253,253,8,0,'{\"number\":\"239\\u179f\\u179f\\u179a\",\"dates\":\"09\\/05\\/2016\"}','2018-05-11 10:01:46','2018-05-11 10:01:46'),(254,254,10,0,'{\"number\":\"na\",\"dates\":\"22\\/07\\/1989\"}','2018-05-11 10:01:46','2018-05-11 10:01:46'),(255,255,4,0,'{\"number\":\"1899\\u1794\\u17d2\\u179a\\u1780\",\"dates\":\"03\\/05\\/2013\"}','2018-05-11 10:02:29','2018-05-11 10:02:29'),(256,256,5,0,'{\"number\":\"2076\",\"dates\":\"23\\/02\\/2016\"}','2018-05-11 10:02:29','2018-05-11 10:02:29'),(257,257,5,0,'{\"number\":\"6326\",\"dates\":\"21\\/07\\/2015\"}','2018-05-11 10:02:29','2018-05-11 10:02:29'),(258,258,5,0,'{\"number\":\"529\",\"dates\":\"08\\/02\\/2018\"}','2018-05-11 10:02:29','2018-05-11 10:02:29'),(259,259,6,0,'{\"number\":\"596\\u179f\\u179f\\u179a\",\"dates\":\"22\\/12\\/2015\"}','2018-05-11 10:03:33','2018-05-11 10:03:33'),(260,260,10,0,'{\"number\":\"na\",\"dates\":\"01\\/01\\/1993\"}','2018-05-11 10:03:33','2018-05-11 10:03:33'),(261,261,6,0,'{\"number\":\"560\\u179f\\u179f\\u179a\",\"dates\":\"27\\/11\\/2013\"}','2018-05-11 10:08:20','2018-05-11 10:08:21'),(262,262,8,0,'{\"number\":\"237\",\"dates\":\"08\\/05\\/2017\"}','2018-05-11 10:08:21','2018-05-11 10:08:21'),(263,263,6,0,'{\"number\":\"1077\\u179f\\u179f\\u179a\",\"dates\":\"30\\/11\\/2009\"}','2018-05-11 10:09:22','2018-05-11 10:09:22'),(264,264,8,0,'{\"number\":\"735\\u179f\\u179f\\u179a\",\"dates\":\"16\\/11\\/2011\"}','2018-05-11 10:09:22','2018-05-11 10:09:22'),(265,265,10,0,'{\"number\":\"na\",\"dates\":\"01\\/01\\/1993\"}','2018-05-11 10:09:22','2018-05-11 10:09:22'),(266,266,6,0,'{\"number\":\"697\",\"dates\":\"29\\/12\\/2016\"}','2018-05-11 10:10:21','2018-05-11 10:10:21'),(267,267,8,0,'{\"number\":\"198\\u179f\\u179f\\u179a\",\"dates\":\"26\\/03\\/2012\"}','2018-05-11 10:10:21','2018-05-11 10:10:21'),(268,268,10,0,'{\"number\":\"1178\\u179f\\u179f\\u179a\",\"dates\":\"13\\/12\\/2005\"}','2018-05-11 10:10:21','2018-05-11 10:10:21'),(269,269,4,0,'{\"number\":\"580\",\"dates\":\"28\\/02\\/2017\"}','2018-05-11 10:12:48','2018-05-11 10:12:48'),(270,270,5,0,'{\"number\":\"187\\u1794\\u17d2\\u179a\\u1780\",\"dates\":\"12\\/02\\/2003\"}','2018-05-11 10:12:48','2018-05-11 10:12:48'),(271,271,5,0,'{\"number\":\"282\\u1794\\u17d2\\u179a\\u1780\",\"dates\":\"06\\/02\\/2013\"}','2018-05-11 10:12:48','2018-05-11 10:12:48'),(272,272,5,0,'{\"number\":\"2694\\u1794\\u17d2\\u179a\\u1780\",\"dates\":\"20\\/06\\/2013\"}','2018-05-11 10:12:48','2018-05-11 10:12:48'),(273,273,6,0,'{\"number\":\"596\\u179f\\u179f\\u179a\",\"dates\":\"22\\/12\\/2015\"}','2018-05-11 10:14:08','2018-05-11 10:14:08'),(274,274,8,0,'{\"number\":\"697\",\"dates\":\"29\\/12\\/2016\"}','2018-05-11 10:14:08','2018-05-11 10:14:08'),(275,275,6,0,'{\"number\":\"127\\u179f\\u179f\\u179a\",\"dates\":\"18\\/03\\/2003\"}','2018-05-11 10:17:27','2018-05-11 10:17:27'),(276,276,8,0,'{\"number\":\"219\",\"dates\":\"28\\/03\\/2018\"}','2018-05-11 10:17:27','2018-05-11 10:17:27'),(277,277,10,0,'{\"number\":\"1034\",\"dates\":\"11\\/04\\/2017\"}','2018-05-11 10:17:27','2018-05-11 10:17:27'),(278,278,6,0,'{\"number\":\"335\\u179f\\u179f\\u179a\",\"dates\":\"28\\/06\\/2013\"}','2018-05-11 10:18:39','2018-05-11 10:18:39'),(279,279,6,0,'{\"number\":\"219\",\"dates\":\"28\\/03\\/2018\"}','2018-05-11 10:19:37','2018-05-11 10:19:37'),(280,280,8,0,'{\"number\":\"198\\u179f\\u179f\\u179a\",\"dates\":\"26\\/03\\/2012\"}','2018-05-11 10:19:37','2018-05-11 10:19:37'),(281,281,10,0,'{\"number\":\"3628\",\"dates\":\"18\\/07\\/2017\"}','2018-05-11 10:19:37','2018-05-11 10:19:37'),(282,282,6,0,'{\"number\":\"198\\u179f\\u179f\\u179a\",\"dates\":\"26\\/03\\/2012\"}','2018-05-11 10:20:20','2018-05-11 10:20:20'),(283,283,8,0,'{\"number\":\"219\",\"dates\":\"28\\/03\\/2018\"}','2018-05-11 10:20:20','2018-05-11 10:20:20'),(284,284,10,0,'{\"number\":\"na\",\"dates\":\"13\\/12\\/2009\"}','2018-05-11 10:20:20','2018-05-11 10:20:20'),(285,285,4,0,'{\"number\":\"1101\\u1794\\u17d2\\u179a\\u1780\",\"dates\":\"03\\/06\\/2011\"}','2018-05-11 10:21:16','2018-05-11 10:21:16'),(286,286,5,0,'{\"number\":\"893\\u1794\\u17d2\\u179a\\u1780\",\"dates\":\"22\\/08\\/2000\"}','2018-05-11 10:21:16','2018-05-11 10:21:16'),(287,287,5,0,'{\"number\":\"3884\\u1794\\u17d2\\u179a\\u1780,82\\u200b25\\/15\\/9\\/15\",\"dates\":\"03\\/12\\/2013\"}','2018-05-11 10:21:16','2018-05-11 10:21:16'),(288,288,5,0,'{\"number\":\"5753\\u1794\\u17d2\\u179a\\u1780\",\"dates\":\"03\\/08\\/2016\"}','2018-05-11 10:21:16','2018-05-11 10:21:16'),(289,289,6,0,'{\"number\":\"228\\u179f\\u179f\\u179a\",\"dates\":\"25\\/06\\/2015\"}','2018-05-11 10:22:11','2018-05-11 10:22:11'),(290,290,8,0,'{\"number\":\"219\",\"dates\":\"28\\/03\\/2018\"}','2018-05-11 10:22:11','2018-05-11 10:22:11'),(291,291,10,0,'{\"number\":\"na\",\"dates\":\"10\\/01\\/2007\"}','2018-05-11 10:22:11','2018-05-11 10:22:11'),(292,292,10,0,'{\"number\":\"na\",\"dates\":\"10\\/12\\/1991\"}','2018-05-11 10:22:11','2018-05-11 10:22:11'),(293,293,10,0,'{\"number\":\"083\\u1794\\u17d2\\u179a\\u1780\",\"dates\":\"17\\/01\\/2012\"}','2018-05-11 10:22:11','2018-05-11 10:22:11'),(294,294,6,0,'{\"number\":\"219\",\"dates\":\"28\\/03\\/2018\"}','2018-05-11 10:23:08','2018-05-11 10:23:08'),(295,295,8,0,'{\"number\":\"228\\u179f\\u179f\\u179a\",\"dates\":\"25.06.2015\"}','2018-05-11 10:23:08','2018-05-11 10:23:08'),(296,296,6,0,'{\"number\":\"219\",\"dates\":\"28\\/03\\/2018\"}','2018-05-11 10:24:12','2018-05-11 10:24:12'),(297,297,8,0,'{\"number\":\"228\\u179f\\u179f\\u179a\",\"dates\":\"25.06.2015\"}','2018-05-11 10:24:12','2018-05-11 10:24:12'),(298,298,6,0,'{\"number\":\"228\\u179f\\u179f\\u179a\",\"dates\":\"25\\/06\\/2015\"}','2018-05-11 10:25:00','2018-05-11 10:25:00'),(299,299,8,0,'{\"number\":\"198\\u179f\\u179f\\u179a\",\"dates\":\"26\\/03\\/2012\"}','2018-05-11 10:25:00','2018-05-11 10:25:00'),(300,300,10,0,'{\"number\":\"na\",\"dates\":\"30\\/06\\/1993\"}','2018-05-11 10:25:00','2018-05-11 10:25:00'),(301,301,10,0,'{\"number\":\"na\",\"dates\":\"07\\/07\\/1993\"}','2018-05-11 10:25:00','2018-05-11 10:25:00'),(302,302,8,0,'{\"number\":\"401\\u179f\\u179f\\u179a\",\"dates\":\"13\\/09\\/1999\"}','2018-05-11 10:25:43','2018-05-11 10:25:43'),(303,303,10,0,'{\"number\":\"1034\",\"dates\":\"11\\/04\\/2017\"}','2018-05-11 10:25:43','2018-05-11 10:25:43'),(304,304,10,0,'{\"number\":\"3628\",\"dates\":\"18\\/07\\/2017\"}','2018-05-11 10:25:43','2018-05-11 10:25:43'),(305,305,6,0,'{\"number\":\"198\\u179f\\u179f\\u179a\",\"dates\":\"26\\/03\\/2012\"}','2018-05-11 10:26:40','2018-05-11 10:26:40'),(306,306,10,0,'{\"number\":\"694\\u179f\\u179f\\u179a\",\"dates\":\"10\\/09\\/2009\"}','2018-05-11 10:26:40','2018-05-11 10:26:40'),(307,307,10,0,'{\"number\":\"1034\",\"dates\":\"11\\/04\\/2017\"}','2018-05-11 10:26:40','2018-05-11 10:26:40'),(308,308,4,0,'{\"number\":\"660\\u1794\\u17d2\\u179a\\u1780\",\"dates\":\"14\\/03\\/2014\"}','2018-05-11 10:28:05','2018-05-11 10:28:05'),(309,309,5,0,'{\"number\":\"2391\\u1794\\u17d2\\u179a\\u1780,1120bjrk,14\\/10\\/2003\",\"dates\":\"23\\/08\\/2002\"}','2018-05-11 10:28:05','2018-05-11 10:28:05'),(310,310,5,0,'{\"number\":\"660\\u1794\\u17d2\\u179a\\u1780\",\"dates\":\"14\\/03\\/2014\"}','2018-05-11 10:28:05','2018-05-11 10:28:05'),(311,311,6,0,'{\"number\":\"094\\u179f\\u179f\\u179a\",\"dates\":\"05\\/03\\/2015\"}','2018-05-11 10:30:12','2018-05-11 10:30:12'),(312,312,8,0,'{\"number\":\"239\\u179f\\u179f\\u179a\",\"dates\":\"09\\/05\\/2016\"}','2018-05-11 10:30:12','2018-05-11 10:30:12'),(313,313,10,0,'{\"number\":\"1034\",\"dates\":\"11\\/04\\/2017\"}','2018-05-11 10:30:12','2018-05-11 10:30:12'),(314,314,10,0,'{\"number\":\"1034\",\"dates\":\"11\\/04\\/2017\"}','2018-05-11 10:30:12','2018-05-11 10:30:12'),(315,315,10,0,'{\"number\":\"3628\",\"dates\":\"18\\/07\\/2017\"}','2018-05-11 10:30:12','2018-05-11 10:30:12'),(316,316,10,0,'{\"number\":\"3628\",\"dates\":\"18\\/07\\/2017\"}','2018-05-11 10:30:12','2018-05-11 10:30:12'),(317,317,10,0,'{\"number\":\"1034\",\"dates\":\"11\\/04\\/2017\"}','2018-05-11 10:30:12','2018-05-11 10:30:12'),(318,318,6,0,'{\"number\":\"237\",\"dates\":\"08\\/05\\/2017\"}','2018-05-11 10:31:51','2018-05-11 10:31:51'),(319,319,8,0,'{\"number\":\"463\\u179f\\u179f\\u179a\",\"dates\":\"23\\/09\\/2015\"}','2018-05-11 10:31:51','2018-05-11 10:31:51'),(320,320,10,0,'{\"number\":\"5612\\u1794\\u17d2\\u179a\\u1780\",\"dates\":\"22\\/12\\/2014\"}','2018-05-11 10:31:51','2018-05-11 10:31:51'),(321,321,10,0,'{\"number\":\"5612\\u1794\\u17d2\\u179a\\u1780\",\"dates\":\"22\\/12\\/2014\"}','2018-05-11 10:31:51','2018-05-11 10:31:51'),(322,322,10,0,'{\"number\":\"5612\\u1794\\u17d2\\u179a\\u1780\",\"dates\":\"22\\/12\\/2014\"}','2018-05-11 10:31:51','2018-05-11 10:31:51'),(323,323,10,0,'{\"number\":\"3292\\u1794\\u17d2\\u179a\\u1780\",\"dates\":\"22\\/10\\/2009\"}','2018-05-11 10:31:51','2018-05-11 10:31:51'),(324,324,10,0,'{\"number\":\"1034\",\"dates\":\"11\\/04\\/2017\"}','2018-05-11 10:31:51','2018-05-11 10:31:51'),(325,325,10,0,'{\"number\":\"1034\",\"dates\":\"11\\/04\\/2017\"}','2018-05-11 10:31:51','2018-05-11 10:31:51'),(334,334,10,0,'{\"number\":\"1034\",\"dates\":\"11\\/04\\/2017\"}','2018-05-11 10:33:33','2018-05-11 10:33:33'),(335,335,8,0,'{\"number\":\"539\\u179f\\u179f\\u179a\",\"dates\":\"13\\/08\\/2014\"}','2018-05-11 10:36:54','2018-05-11 10:36:54'),(336,336,10,0,'{\"number\":\"na\",\"dates\":\"01\\/01\\/1993\"}','2018-05-11 10:36:54','2018-05-11 10:36:54'),(337,337,10,0,'{\"number\":\"na\",\"dates\":\"01\\/01\\/1993\"}','2018-05-11 10:36:54','2018-05-11 10:36:54'),(338,338,10,0,'{\"number\":\"1151\\u1794\\u17d2\\u179a\\u1780\",\"dates\":\"05\\/08\\/2008\"}','2018-05-11 10:36:54','2018-05-11 10:36:54'),(339,339,10,0,'{\"number\":\"5612\\u1794\\u17d2\\u179a\\u1780\",\"dates\":\"22\\/12\\/2014\"}','2018-05-11 10:36:54','2018-05-11 10:36:54'),(340,340,10,0,'{\"number\":\"1034\",\"dates\":\"11\\/04\\/2017\"}','2018-05-11 10:36:54','2018-05-11 10:36:55'),(341,341,10,0,'{\"number\":\"3628\",\"dates\":\"18\\/07\\/2017\"}','2018-05-11 10:36:55','2018-05-11 10:36:55'),(342,342,10,0,'{\"number\":\"1034\",\"dates\":\"11\\/04\\/2017\"}','2018-05-11 10:36:55','2018-05-11 10:36:55'),(343,343,6,0,'{\"number\":\"413\\u179f\\u179f\\u179a\",\"dates\":\"14\\/08\\/2013\"}','2018-05-11 10:37:51','2018-05-11 10:37:51'),(344,344,8,0,'{\"number\":\"237\",\"dates\":\"08\\/05\\/2017\"}','2018-05-11 10:37:51','2018-05-11 10:37:51'),(345,345,10,0,'{\"number\":\"1151\\u1794\\u17d2\\u179a\\u1780\",\"dates\":\"05\\/08\\/2008\"}','2018-05-11 10:37:51','2018-05-11 10:37:51'),(346,346,10,0,'{\"number\":\"2649\\u1794\\u17d2\\u179a\\u1780\",\"dates\":\"14\\/08\\/2009\"}','2018-05-11 10:37:51','2018-05-11 10:37:51'),(347,347,10,0,'{\"number\":\"2649\\u1794\\u17d2\\u179a\\u1780\",\"dates\":\"14\\/08\\/2009\"}','2018-05-11 10:37:51','2018-05-11 10:37:51'),(348,348,10,0,'{\"number\":\"na\",\"dates\":\"01\\/01\\/1993\"}','2018-05-11 10:37:51','2018-05-11 10:37:51'),(349,349,10,0,'{\"number\":\"5612\\u1794\\u17d2\\u179a\\u1780\",\"dates\":\"22\\/12\\/2014\"}','2018-05-11 10:37:51','2018-05-11 10:37:51'),(350,350,10,0,'{\"number\":\"5612\\u1794\\u17d2\\u179a\\u1780\",\"dates\":\"22\\/12\\/2014\"}','2018-05-11 10:37:51','2018-05-11 10:37:51'),(351,351,10,0,'{\"number\":\"389\\u1794\\u17d2\\u179a\\u1780\",\"dates\":\"20\\/02\\/2009\"}','2018-05-11 10:37:51','2018-05-11 10:37:51'),(352,352,10,0,'{\"number\":\"1034\",\"dates\":\"11\\/04\\/2017\"}','2018-05-11 10:37:51','2018-05-11 10:37:51'),(353,353,10,0,'{\"number\":\"3628\",\"dates\":\"18\\/07\\/2017\"}','2018-05-11 10:37:51','2018-05-11 10:37:51'),(354,354,10,0,'{\"number\":\"1034\",\"dates\":\"11\\/04\\/2017\"}','2018-05-11 10:37:51','2018-05-11 10:37:51'),(355,355,6,0,'{\"number\":\"539\\u179f\\u179f\\u179a\",\"dates\":\"13\\/08\\/2014\"}','2018-05-11 10:38:46','2018-05-11 10:38:46'),(356,356,8,0,'{\"number\":\"237\",\"dates\":\"08\\/05\\/2017\"}','2018-05-11 10:38:46','2018-05-11 10:38:46'),(357,357,10,0,'{\"number\":\"4252\\u1794\\u17d2\\u179a\\u1780\",\"dates\":\"29\\/12\\/2009\"}','2018-05-11 10:38:46','2018-05-11 10:38:46'),(358,358,10,0,'{\"number\":\"5612\\u1794\\u17d2\\u179a\\u1780\",\"dates\":\"22\\/12\\/2014\"}','2018-05-11 10:38:46','2018-05-11 10:38:46'),(359,359,10,0,'{\"number\":\"5612\\u1794\\u17d2\\u179a\\u1780\",\"dates\":\"22\\/12\\/2014\"}','2018-05-11 10:38:46','2018-05-11 10:38:46'),(360,360,10,0,'{\"number\":\"5612\\u1794\\u17d2\\u179a\\u1780\",\"dates\":\"22\\/12\\/2014\"}','2018-05-11 10:38:46','2018-05-11 10:38:46'),(361,361,10,0,'{\"number\":\"1034\",\"dates\":\"11\\/04\\/2017\"}','2018-05-11 10:38:46','2018-05-11 10:38:46'),(362,362,10,0,'{\"number\":\"1034\",\"dates\":\"11\\/04\\/2017\"}','2018-05-11 10:38:46','2018-05-11 10:38:46'),(363,363,10,0,'{\"number\":\"1034\",\"dates\":\"11\\/04\\/2017\"}','2018-05-11 10:38:46','2018-05-11 10:38:46'),(364,364,10,0,'{\"number\":\"3628\",\"dates\":\"18\\/07\\/2017\"}','2018-05-11 10:38:46','2018-05-11 10:38:46'),(365,365,10,0,'{\"number\":\"3628\",\"dates\":\"18\\/07\\/2017\"}','2018-05-11 10:38:46','2018-05-11 10:38:46');
/*!40000 ALTER TABLE `officer_position` ENABLE KEYS */;
UNLOCK TABLES;

--
-- Table structure for table `officer_status`
--

DROP TABLE IF EXISTS `officer_status`;
/*!40101 SET @saved_cs_client     = @@character_set_client */;
/*!40101 SET character_set_client = utf8 */;
CREATE TABLE `officer_status` (
  `id` int(10) unsigned NOT NULL AUTO_INCREMENT,
  `officer_id` int(10) unsigned NOT NULL,
  `status_id` int(10) unsigned NOT NULL,
  `office_id` int(10) unsigned NOT NULL,
  `dates` varchar(191) COLLATE utf8_unicode_ci NOT NULL,
  PRIMARY KEY (`id`),
  KEY `officer_status_officer_id_index` (`officer_id`),
  KEY `officer_status_status_id_index` (`status_id`),
  KEY `officer_status_office_id_index` (`office_id`),
  CONSTRAINT `officer_status_officer_id_foreign` FOREIGN KEY (`officer_id`) REFERENCES `officers` (`id`) ON DELETE CASCADE,
  CONSTRAINT `officer_status_office_id_foreign` FOREIGN KEY (`office_id`) REFERENCES `offices` (`id`) ON DELETE CASCADE,
  CONSTRAINT `officer_status_status_id_foreign` FOREIGN KEY (`status_id`) REFERENCES `statuses` (`id`) ON DELETE CASCADE
) ENGINE=InnoDB AUTO_INCREMENT=25 DEFAULT CHARSET=utf8 COLLATE=utf8_unicode_ci;
/*!40101 SET character_set_client = @saved_cs_client */;

--
-- Dumping data for table `officer_status`
--

LOCK TABLES `officer_status` WRITE;
/*!40000 ALTER TABLE `officer_status` DISABLE KEYS */;
INSERT INTO `officer_status` VALUES (1,1,1,1,'2018-05-10 00:00:00'),(2,2,1,1,'2018-05-10 00:00:00'),(3,3,1,1,'2018-05-10 00:00:00'),(4,4,1,1,'2018-05-10 00:00:00'),(5,5,1,1,'2018-05-10 00:00:00'),(6,9,1,1,'2018-05-10 00:00:00'),(7,10,4,1,'2018-05-10 00:00:00'),(8,11,1,1,'2018-05-10 00:00:00'),(9,12,1,1,'2018-05-10 00:00:00'),(10,13,1,1,'2018-05-10 00:00:00'),(11,14,1,1,'2018-05-10 00:00:00'),(12,15,1,1,'2018-05-10 00:00:00'),(13,16,1,1,'2018-05-10 00:00:00'),(14,17,1,1,'2018-05-10 00:00:00'),(15,18,1,1,'2018-05-10 00:00:00'),(16,19,1,1,'2018-05-10 00:00:00'),(17,20,1,1,'2018-05-10 00:00:00'),(18,21,1,1,'2018-05-10 00:00:00'),(19,22,1,1,'2018-05-10 00:00:00'),(20,23,4,1,'2018-05-10 00:00:00'),(21,24,1,1,'2018-05-10 00:00:00'),(22,25,4,1,'2018-05-10 00:00:00'),(23,26,1,1,'2018-05-10 00:00:00'),(24,27,1,1,'2018-05-10 00:00:00');
/*!40000 ALTER TABLE `officer_status` ENABLE KEYS */;
UNLOCK TABLES;

--
-- Table structure for table `officers`
--

DROP TABLE IF EXISTS `officers`;
/*!40101 SET @saved_cs_client     = @@character_set_client */;
/*!40101 SET character_set_client = utf8 */;
CREATE TABLE `officers` (
  `id` int(10) unsigned NOT NULL AUTO_INCREMENT,
  `name` varchar(191) COLLATE utf8_unicode_ci NOT NULL,
  `identity` int(11) NOT NULL,
  `gender` varchar(191) COLLATE utf8_unicode_ci NOT NULL,
  `level_id` int(10) unsigned NOT NULL,
  `position_id` int(10) unsigned NOT NULL,
  `phone` varchar(191) COLLATE utf8_unicode_ci DEFAULT NULL,
  `birthday` varchar(191) COLLATE utf8_unicode_ci DEFAULT NULL,
  `start_word` varchar(191) COLLATE utf8_unicode_ci DEFAULT NULL,
  `office_id` int(10) unsigned NOT NULL,
  `part_id` int(11) DEFAULT NULL,
  `created_at` timestamp NULL DEFAULT NULL,
  `updated_at` timestamp NULL DEFAULT NULL,
  PRIMARY KEY (`id`),
  KEY `officers_level_id_index` (`level_id`),
  KEY `officers_position_id_index` (`position_id`),
  KEY `officers_office_id_index` (`office_id`),
  CONSTRAINT `officers_level_id_foreign` FOREIGN KEY (`level_id`) REFERENCES `levels` (`id`) ON DELETE CASCADE,
  CONSTRAINT `officers_office_id_foreign` FOREIGN KEY (`office_id`) REFERENCES `offices` (`id`) ON DELETE CASCADE,
  CONSTRAINT `officers_position_id_foreign` FOREIGN KEY (`position_id`) REFERENCES `positions` (`id`) ON DELETE CASCADE
) ENGINE=InnoDB AUTO_INCREMENT=367 DEFAULT CHARSET=utf8 COLLATE=utf8_unicode_ci;
/*!40101 SET character_set_client = @saved_cs_client */;

--
-- Dumping data for table `officers`
--

LOCK TABLES `officers` WRITE;
/*!40000 ALTER TABLE `officers` DISABLE KEYS */;
INSERT INTO `officers` VALUES (1,'ម៉ក់ ឧត្ដម',8110,'ប្រុស',3,4,NULL,'10/05/1972','05/10/1992',1,NULL,'2018-05-10 09:39:00','2018-05-10 09:39:00'),(2,'ខឹម ទ័យ',10224,'ប្រុស',4,5,NULL,'03/07/1971','03/07/1990',1,NULL,'2018-05-10 09:39:00','2018-05-10 09:39:00'),(3,'ប៉ុក សំអន',2899,'ប្រុស',4,5,NULL,'08/06/1966','20/09/1989',1,NULL,'2018-05-10 09:39:00','2018-05-10 09:39:00'),(4,'អ៊ិត ម៉ុល',15766,'ប្រុស',4,5,NULL,'03/09/1967','08/10/1986',1,NULL,'2018-05-10 09:39:00','2018-05-10 09:39:00'),(5,'ឱ នរិន្ទ',54099,'ប្រុស',4,5,NULL,'13/01/1985','16/09/2003',1,NULL,'2018-05-10 09:39:00','2018-05-10 09:39:00'),(9,'តិប ប៊ុនធឿន',57583,'ប្រុស',5,6,NULL,'21/05/1975','10/01/2007',1,1,'2018-05-10 09:52:54','2018-05-10 09:52:54'),(10,'អ៊ឹម ចែមរដ្ឋា',44495,'ប្រុស',6,8,NULL,'12/09/1970','10/04/1993',1,1,'2018-05-10 09:52:54','2018-05-10 09:52:54'),(11,'ធឹម ថៃ',62343,'ប្រុស',7,10,NULL,'12/03/1983','05/10/2007',1,1,'2018-05-10 09:52:54','2018-05-10 09:52:54'),(12,'លី ប៊ុនរ័ត្ន',54792,'ប្រុស',5,6,NULL,'15/04/1963','15/06/2002',1,2,'2018-05-10 09:54:03','2018-05-10 09:54:03'),(13,'ធួន មុំ',44374,'ស្រី',7,8,NULL,'14/04/1974','15/06/1995',1,2,'2018-05-10 09:54:03','2018-05-10 09:54:03'),(14,'គីលីន ឆពណ្ណ',74197,'ប្រុស',7,10,NULL,'03/08/1989','06/03/2015',1,2,'2018-05-10 09:54:03','2018-05-10 09:54:03'),(15,'រ័ត្ន តក់',44516,'ប្រុស',6,6,NULL,'10/10/1965','10/09/1988',1,3,'2018-05-10 09:55:47','2018-05-10 09:55:47'),(16,'រស់ ខេមរៈ',73145,'ប្រុស',6,8,NULL,'01/06/1987','04/05/2013',1,3,'2018-05-10 09:55:47','2018-05-10 09:55:47'),(17,'ស៊ីវ ចាន់',64690,'ប្រុស',8,10,NULL,'10/02/1985','04/05/2009',1,3,'2018-05-10 09:55:47','2018-05-10 09:55:47'),(18,'ឃយ ចាន់ធុង',58931,'ប្រុស',6,6,NULL,'07/01/1986','10/01/2007',1,4,'2018-05-10 09:56:26','2018-05-10 09:56:26'),(19,'សំ ផល្លី',64661,'ប្រុស',6,8,NULL,'15/02/1980','20/02/2009',1,4,'2018-05-10 09:56:26','2018-05-10 09:56:26'),(20,'សារ៉ា ពុទ្ធហេង',70162,'ប្រុស',9,10,NULL,'07/10/1992','17/01/2012',1,4,'2018-05-10 09:56:26','2018-05-10 09:56:26'),(21,'ស្រេត សុភ័ក្ដ្រ',63714,'ប្រុស',6,6,NULL,'01/01/1979','05/08/2008',1,5,'2018-05-10 09:57:04','2018-05-10 09:57:04'),(22,'ឈឹម អឿត',44816,'ប្រុស',7,8,NULL,'01/03/1980','01/03/1997',1,5,'2018-05-10 09:57:04','2018-05-10 09:57:04'),(23,'អោក សាក្សី បួស',35838,'ប្រុស',7,10,NULL,'','15/10/1992',1,5,'2018-05-10 09:57:04','2018-05-10 09:57:04'),(24,'រ៉ម ផល្លី',9036,'ប្រុស',5,6,NULL,'14/02/1970','30/06/1995',1,6,'2018-05-10 09:58:37','2018-05-10 09:58:37'),(25,'ឈិន សុផាត',61766,'ប្រុស',7,8,NULL,'26/06/1986','05/10/2007',1,6,'2018-05-10 09:58:38','2018-05-10 09:58:38'),(26,'តាន់ វីរៈ',74165,'ប្រុស',7,8,NULL,'20/03/1991','22/12/2014',1,6,'2018-05-10 09:58:38','2018-05-10 09:58:38'),(27,'អុន ហូវ',70301,'ប្រុស',8,10,NULL,'05/05/1980','18/01/2012',1,6,'2018-05-10 09:58:38','2018-05-10 09:58:38'),(28,'ជា ពិសិដ្ឋ',8048,'ប្រុស',4,4,NULL,'25/12/1970','03/02/1990',2,NULL,'2018-05-10 09:59:32','2018-05-10 09:59:32'),(29,'ផាត់ ផា',44805,'ប្រុស',7,5,NULL,'08/04/1971','20/04/1996',2,NULL,'2018-05-10 09:59:32','2018-05-10 09:59:32'),(30,'កែវ សុជាតិ',8058,'ប្រុស',4,5,NULL,'05/09/1962','10/12/1992',2,NULL,'2018-05-10 09:59:32','2018-05-10 09:59:32'),(31,'ម៉ិ សុធារ៉ា',10243,'ប្រុស',5,6,NULL,'01/02/1970','01/02/1993',2,7,'2018-05-10 10:10:34','2018-05-10 10:10:34'),(32,'ប៉ាន់ សារ៉ាត់',44442,'ប្រុស',7,8,NULL,'01/01/1974','11/11/1993',2,7,'2018-05-10 10:10:35','2018-05-10 10:10:35'),(33,'យ៉ាំ ម៉េងហុង',67200,'ប្រុស',7,6,NULL,'20/02/1987','22/10/2009',2,8,'2018-05-10 10:12:13','2018-05-10 10:12:13'),(34,'ហុន គឹមហុង',58900,'ប្រុស',6,8,NULL,'15/12/1983','10/01/2007',2,8,'2018-05-10 10:12:13','2018-05-10 10:12:13'),(35,'ហាក់ រីម',44760,'ប្រុស',8,10,NULL,'03/05/1982','20/05/1998',2,8,'2018-05-10 10:12:13','2018-05-10 10:12:13'),(36,'អ៊ា លីគង់',63736,'ប្រុស',6,6,NULL,'25/05/1987','05/08/2008',2,9,'2018-05-10 10:12:49','2018-05-10 10:12:49'),(37,'យ៉ែម សួរ',58995,'ប្រុស',10,10,NULL,'03/04/1981','10/01/2007',2,9,'2018-05-10 10:12:49','2018-05-10 10:12:49'),(38,'ស៊ីវ សឿត',9071,'ប្រុស',6,10,NULL,'12/12/1975','27/11/1993',2,9,'2018-05-10 10:12:49','2018-05-10 10:12:49'),(39,'ចេក ឈុន',8109,'ប្រុស',4,4,NULL,'13/07/1969','30/03/1988',3,NULL,'2018-05-11 08:06:48','2018-05-11 08:06:48'),(40,'ផែង ណូលី',10305,'ប្រុស',4,5,NULL,'05/07/1964','30/03/1988',3,NULL,'2018-05-11 08:06:48','2018-05-11 08:06:48'),(41,'អឿ កឿយ',44886,'ប្រុស',7,6,NULL,'24/01/1970','20/04/1994',3,10,'2018-05-11 08:08:19','2018-05-11 08:08:19'),(42,'មាស វិបុល',59046,'ប្រុស',7,8,NULL,'23/08/1985','10/01/2007',3,10,'2018-05-11 08:08:19','2018-05-11 08:08:19'),(43,'ជួប វាសនា',10328,'ប្រុស',5,6,NULL,'02/06/1966','02/05/1990',3,11,'2018-05-11 08:09:01','2018-05-11 08:09:01'),(44,'ច័ន្ទ សម្បត្ដិ',64654,'ប្រុស',6,8,NULL,'07/10/1980','20/02/2009',3,11,'2018-05-11 08:09:01','2018-05-11 08:09:01'),(45,'ឆាយ ម៉ាទីណូ',10326,'ប្រុស',5,6,NULL,'07/01/1968','06/04/1990',3,12,'2018-05-11 08:09:35','2018-05-11 08:09:35'),(46,'គឹម សុខា',62350,'ប្រុស',6,8,NULL,'10/07/1984','05/10/2007',3,12,'2018-05-11 08:09:35','2018-05-11 08:09:35'),(47,'ផាត ផល្លី',8121,'ប្រុស',4,4,NULL,'06/02/1966','25/09/1984',4,NULL,'2018-05-11 08:11:12','2018-05-11 08:11:12'),(48,'សាត កែវ',56593,'ប្រុស',4,5,NULL,'20/01/1975','13/12/2005',4,NULL,'2018-05-11 08:11:12','2018-05-11 08:11:12'),(49,'ម៉ែន ម៉ឺន',44473,'ប្រុស',6,5,NULL,'10/12/1976','15/05/1991',4,NULL,'2018-05-11 08:11:12','2018-05-11 08:11:12'),(50,'ង៉ូក ពន្លក',70202,'ប្រុស',7,6,NULL,'05/02/1987','17/01/2012',4,13,'2018-05-11 08:11:55','2018-05-11 08:11:55'),(51,'សោម ប៊ុនថន',10329,'ប្រុស',6,8,NULL,'06/02/1969','01/01/1990',4,13,'2018-05-11 08:11:55','2018-05-11 08:11:55'),(52,'មឿង រដ្ឋា',65836,'ស្រី',6,6,NULL,'02/05/1990','14/08/2009',4,14,'2018-05-11 08:12:37','2018-05-11 08:12:37'),(53,'អៀង ហាន',44341,'ប្រុស',8,10,NULL,'01/01/1966','09/09/1993',4,14,'2018-05-11 08:12:37','2018-05-11 08:12:37'),(54,'សុផា ណារ៉ុង',63745,'ប្រុស',7,6,NULL,'02/08/1986','05/08/2008',4,15,'2018-05-11 08:13:16','2018-05-11 08:13:16'),(55,'អាន សុដាវីត',70220,'ប្រុស',7,8,NULL,'06/07/1985','18/01/2012',4,15,'2018-05-11 08:13:16','2018-05-11 08:13:16'),(56,'ភុយ សោភ័ណសេរី',58942,'ប្រុស',9,8,NULL,'28/12/1986','10/01/2007',4,15,'2018-05-11 08:13:16','2018-05-11 08:13:16'),(57,'ពិន សេរី',8092,'ប្រុស',4,4,NULL,'22/07/1968','30/10/1988',5,NULL,'2018-05-11 08:14:28','2018-05-11 08:14:28'),(58,'ប៉ាឡៃ សារ៉ាត់',4250,'ប្រុស',4,5,NULL,'02/01/1964','18/05/1994',5,NULL,'2018-05-11 08:14:28','2018-05-11 08:14:28'),(59,'រី សុភី',8117,'ប្រុស',4,5,NULL,'28/02/1964','19/11/1986',5,NULL,'2018-05-11 08:14:28','2018-05-11 08:14:28'),(60,'ស៊ុយ មង្គល',44807,'ប្រុស',6,5,NULL,'01/01/1972','01/01/1991',5,NULL,'2018-05-11 08:14:28','2018-05-11 08:14:28'),(61,'វ៉ាន់ មុំ',44795,'ប្រុស',6,6,NULL,'01/02/1976','01/06/1995',5,16,'2018-05-11 08:15:19','2018-05-11 08:15:19'),(62,'កាត គី',22639,'ប្រុស',6,8,NULL,'02/03/1972','29/03/1989',5,16,'2018-05-11 08:15:19','2018-05-11 08:15:19'),(63,'ភុយ សោភ័ណសូឡី',58941,'ប្រុស',10,10,NULL,'30/12/1984','10/01/2007',5,16,'2018-05-11 08:15:19','2018-05-11 08:15:19'),(64,'ខ្លូត យ៉ា',10335,'ប្រុស',5,6,NULL,'02/02/1976','05/07/1995',5,17,'2018-05-11 08:16:14','2018-05-11 08:16:14'),(65,'មឿត ក្វាងយូ',63734,'ប្រុស',6,8,NULL,'22/11/1987','05/08/2008',5,17,'2018-05-11 08:16:14','2018-05-11 08:16:14'),(66,'សា សុជាតិ(ឈឺយូ)',22672,'ប្រុស',8,10,NULL,'13/03/1973','10/10/1998',5,17,'2018-05-11 08:16:14','2018-05-11 08:16:14'),(67,'អ៊ន សុង',15641,'ប្រុស',3,4,NULL,'13/03/1968','08/09/1994',6,NULL,'2018-05-11 08:18:02','2018-05-11 08:18:02'),(68,'គង់ ចន្ថា',22682,'ប្រុស',5,5,NULL,'01/01/1970','24/07/1989',6,NULL,'2018-05-11 08:18:02','2018-05-11 08:18:02'),(69,'គង់ ប៉េងលី',53856,'ប្រុស',4,5,NULL,'12/06/1968','02/01/2000',6,NULL,'2018-05-11 08:18:02','2018-05-11 08:18:02'),(70,'គាត សុផល',54262,'ប្រុស',6,6,NULL,'15/05/1968','07/04/1997',6,19,'2018-05-11 08:18:55','2018-05-11 08:18:55'),(71,'សេង វណ្ណចាន់សក្កណា',62337,'ប្រុស',6,8,NULL,'03/09/1984','05/10/2007',6,19,'2018-05-11 08:18:55','2018-05-11 08:18:55'),(72,'ឡាង ជិណ្ណារ៉ា',22559,'ប្រុស',6,6,NULL,'01/12/1962','20/08/1988',6,20,'2018-05-11 08:19:56','2018-05-11 08:19:56'),(73,'ផាន់ ឡុង',44491,'ប្រុស',7,8,NULL,'05/04/1972','15/07/1994',6,20,'2018-05-11 08:19:56','2018-05-11 08:19:56'),(74,'ឆ្លៅ ស៊ានហូរ',70183,'ប្រុស',8,10,NULL,'03/07/1989','17/01/2012',6,20,'2018-05-11 08:19:56','2018-05-11 08:19:56'),(75,'សែន សេក',63715,'ប្រុស',6,6,NULL,'11/03/1980','05/08/2008',6,21,'2018-05-11 08:20:30','2018-05-11 08:20:30'),(76,'ហេង ឈឿត',22558,'ប្រុស',6,8,NULL,'16/11/1969','08/10/1986',6,21,'2018-05-11 08:20:30','2018-05-11 08:20:30'),(77,'ម៉ោង រិទ្ធីគីរីរៀម',59054,'ប្រុស',8,10,NULL,'06/11/1988','10/01/2007',6,21,'2018-05-11 08:20:30','2018-05-11 08:20:30'),(78,'ដួង ករុណា',1636,'ប្រុស',4,4,NULL,'02/05/1964','11/12/1994',7,NULL,'2018-05-11 08:21:07','2018-05-11 08:21:07'),(79,'ទឹម រតនៈ',10331,'ប្រុស',4,5,NULL,'05/06/1970','25/03/1986',7,NULL,'2018-05-11 08:21:07','2018-05-11 08:21:07'),(80,'សេង ហឿន',15784,'ប្រុស',5,5,NULL,'28/08/1968','25/05/1988',7,NULL,'2018-05-11 08:21:07','2018-05-11 08:21:07'),(81,'ជា ឈុនសេង',55048,'ប្រុស',5,6,NULL,'15/05/1976','28/04/2005',7,22,'2018-05-11 08:22:19','2018-05-11 08:22:19'),(82,'អ៊ួច គឹមធរ',65805,'ប្រុស',7,8,NULL,'15/05/1988','14/08/2009',7,22,'2018-05-11 08:22:19','2018-05-11 08:22:19'),(83,'ថាំង ម៉ិល',44383,'ប្រុស',8,8,NULL,'05/05/1973','10/03/1997',7,22,'2018-05-11 08:22:19','2018-05-11 08:22:19'),(84,'ទ្រី សុផល',59417,'ប្រុស',6,6,NULL,'07/07/1975','10/01/2007',7,23,'2018-05-11 08:23:54','2018-05-11 08:23:54'),(85,'អ៊ុក ហាន',22590,'ប្រុស',6,8,NULL,'01/08/1964','26/06/1986',7,23,'2018-05-11 08:23:54','2018-05-11 08:23:54'),(86,'ថែប គង់',44578,'ប្រុស',9,8,NULL,'01/01/1969','20/10/1993',7,23,'2018-05-11 08:23:54','2018-05-11 08:23:54'),(87,'អ៊ុំ សុវណ្ណារី',10274,'ប្រុស',6,8,NULL,'11/11/1966','25/09/1990',7,24,'2018-05-11 08:24:22','2018-05-11 08:24:22'),(88,'សឿន សំបូរ',66673,'ប្រុស',7,8,NULL,'10/05/1988','14/08/2009',7,24,'2018-05-11 08:24:22','2018-05-11 08:24:22'),(89,'សន ដារ៉ា(ឈឺយូនាយផ្នែកក)',8078,'ប្រុស',6,10,NULL,'26/06/1971','01/01/1988',7,24,'2018-05-11 08:24:22','2018-05-11 08:24:22'),(90,'ចេង សារ៉ាវុធ',10311,'ប្រុស',4,4,NULL,'08/07/1970','07/08/1988',8,NULL,'2018-05-11 08:25:15','2018-05-11 08:25:15'),(91,'ខុន បូរ៉ា',44494,'ប្រុស',4,5,NULL,'20/09/1972','15/06/1991',8,NULL,'2018-05-11 08:25:15','2018-05-11 08:25:15'),(92,'ស មនោរម្យ',44486,'ប្រុស',5,5,NULL,'03/01/1971','10/10/1991',8,NULL,'2018-05-11 08:25:16','2018-05-11 08:25:16'),(93,'ម៉ាត់ សុភ្លី',22676,'ប្រុស',6,6,NULL,'05/09/1969','01/01/1989',8,25,'2018-05-11 08:28:31','2018-05-11 08:28:31'),(94,'ជាង រតនា',62323,'ប្រុស',6,8,NULL,'01/10/1982','05/10/2007',8,25,'2018-05-11 08:28:32','2018-05-11 08:28:32'),(95,'ដឿន រ៉ុត',74155,'ប្រុស',7,10,NULL,'03/08/1984','22/12/2014',8,25,'2018-05-11 08:28:32','2018-05-11 08:28:32'),(96,'សោន សុភ័ណ',44500,'ប្រុស',8,10,NULL,'10/11/1972','22/05/1990',8,25,'2018-05-11 08:28:32','2018-05-11 08:28:32'),(97,'តែ ប៉ូលាន',74191,'ស្រី',8,10,NULL,'04/01/1991','22/12/2014',8,25,'2018-05-11 08:28:32','2018-05-11 08:28:32'),(98,'សយ ណាន',74186,'ស្រី',12,10,NULL,'01/05/1990','22/12/2014',8,25,'2018-05-11 08:28:32','2018-05-11 08:28:32'),(99,'ឧត្តម ឆរ័ត្ន',81888,'ប្រុស',8,10,NULL,'28/02/1997','18/07/2017',8,25,'2018-05-11 08:28:32','2018-05-11 08:28:32'),(100,'ញឹក ស៊ីថា',81386,'ប្រុស',10,10,NULL,'19/04/1993','18/07/2017',8,25,'2018-05-11 08:28:32','2018-05-11 08:28:32'),(101,'លឺម សំណាង',65846,'ប្រុស',8,10,NULL,'14/06/1979','14/08/2009',8,25,'2018-05-11 08:28:32','2018-05-11 08:28:32'),(102,'ពេជ្រ ឈួត',44813,'ប្រុស',9,10,NULL,'13/05/1973','14/01/1991',8,25,'2018-05-11 08:28:32','2018-05-11 08:28:32'),(103,'ហ៊ុល ប្រុសនាង',74187,'ប្រុស',8,10,NULL,'06/02/1988','22/12/2014',8,25,'2018-05-11 08:28:32','2018-05-11 08:28:32'),(104,'សៀង សុធា',74161,'ប្រុស',7,8,NULL,'01/05/1989','22/12/2014',8,26,'2018-05-11 08:29:21','2018-05-11 08:29:21'),(105,'គ្រាន់ លក',74148,'ប្រុស',7,10,NULL,'02/06/1988','22/12/2014',8,26,'2018-05-11 08:29:21','2018-05-11 08:29:21'),(106,'ផ សល់',74157,'ប្រុស',7,10,NULL,'12/04/1986','22/12/2014',8,26,'2018-05-11 08:29:22','2018-05-11 08:29:22'),(107,'អៀង វិសាល',74176,'ប្រុស',10,10,NULL,'04/04/1994','22/12/2014',8,26,'2018-05-11 08:29:22','2018-05-11 08:29:22'),(108,'ជា តិច',74173,'ប្រុស',9,10,NULL,'03/06/1989','22/12/2014',8,26,'2018-05-11 08:29:22','2018-05-11 08:29:22'),(109,'ថោង ណាក់',74174,'ប្រុស',8,10,NULL,'04/07/1991','22/12/2014',8,26,'2018-05-11 08:29:22','2018-05-11 08:29:22'),(110,'ហៃ សូនី',74183,'ប្រុស',10,10,NULL,'11/06/1991','22/12/2014',8,26,'2018-05-11 08:29:22','2018-05-11 08:29:22'),(111,'ស្រី វី',35887,'ប្រុស',6,10,NULL,'23/03/1963','02/03/1994',8,26,'2018-05-11 08:29:22','2018-05-11 08:29:22'),(112,'ពេជ ហួត',74172,'ប្រុស',10,10,NULL,'02/03/1994','22/12/2014',8,26,'2018-05-11 08:29:22','2018-05-11 08:29:22'),(113,'សុត ណារិទ្ធ',81366,'ប្រុស',10,10,NULL,'26/03/1996','18/07/2017',8,26,'2018-05-11 08:29:22','2018-05-11 08:29:22'),(114,'ធួន លីជិង',81357,'ប្រុស',10,10,NULL,'17/01/1996','18/07/2017',8,26,'2018-05-11 08:29:22','2018-05-11 08:29:22'),(115,'នូវ លេង',74182,'ប្រុស',10,10,NULL,'04/01/1994','22/12/2014',8,26,'2018-05-11 08:29:22','2018-05-11 08:29:22'),(116,'ពៅ ផាន់ណារិទ្ធិ',58930,'ប្រុស',9,10,NULL,'15/03/1983','10/01/2007',8,26,'2018-05-11 08:29:22','2018-05-11 08:29:22'),(117,'ចៅ គីន',44365,'ប្រុស',6,6,NULL,'03/03/1970','15/06/1995',8,27,'2018-05-11 08:30:26','2018-05-11 08:30:26'),(118,'ខៀវ សែន',44484,'ប្រុស',8,8,NULL,'04/03/1970','01/01/1993',8,27,'2018-05-11 08:30:26','2018-05-11 08:30:26'),(119,'រ័ត្ន ធារិទ្ធ',74164,'ប្រុស',7,10,NULL,'10/11/1986','22/12/2014',8,27,'2018-05-11 08:30:26','2018-05-11 08:30:26'),(120,'ឌឹង វឌ្ឍនា(ផ្ទេរបណ្តោះអាសន្ន891បូរីថ្មី)',74146,'ប្រុស',8,10,NULL,'08/01/1985','22/12/2014',8,27,'2018-05-11 08:30:26','2018-05-11 08:30:26'),(121,'គង់ ពន្លឺ',74179,'ប្រុស',8,10,NULL,'03/02/1991','22/12/2014',8,27,'2018-05-11 08:30:26','2018-05-11 08:30:26'),(122,'វង្ស វុទ្ធី',74149,'ប្រុស',7,10,NULL,'07/09/1987','22/12/2014',8,27,'2018-05-11 08:30:26','2018-05-11 08:30:26'),(123,'ផេង សុលីន(បណ្តោះអាសន្ន891)',74150,'ប្រុស',7,10,NULL,'03/03/1988','22/12/2014',8,27,'2018-05-11 08:30:26','2018-05-11 08:30:26'),(124,'កាំង អម្រិន',44481,'ប្រុស',7,10,NULL,'04/10/1965','04/10/1994',8,27,'2018-05-11 08:30:26','2018-05-11 08:30:26'),(125,'ពត រស្មី',75078,'ប្រុស',7,10,NULL,'05/02/1990','22/12/2014',8,27,'2018-05-11 08:30:26','2018-05-11 08:30:26'),(126,'សៀង គឹមហៀង',78307,'ប្រុស',8,10,NULL,'21/05/1987','11/04/2017',8,27,'2018-05-11 08:30:26','2018-05-11 08:30:26'),(127,'អ៊ុន រតនា',81353,'ប្រុស',8,10,NULL,'22/06/1997','18/07/2017',8,27,'2018-05-11 08:30:26','2018-05-11 08:30:26'),(128,'គឹម លី (ឈឺ)',22581,'ប្រុស',8,10,NULL,'','01/01/1986',8,27,'2018-05-11 08:30:27','2018-05-11 08:30:27'),(129,'វ៉ា លួត',44788,'ប្រុស',7,6,NULL,'01/01/1971','30/06/1993',8,28,'2018-05-11 08:32:12','2018-05-11 08:32:12'),(130,'អ៊ាង ផេងអាង',74152,'ប្រុស',7,8,NULL,'02/07/1985','22/12/2014',8,28,'2018-05-11 08:32:13','2018-05-11 08:32:13'),(131,'មិន គៀច(ឈឺ)',44429,'ប្រុស',9,10,NULL,'00/01/1900','01/01/1993',8,28,'2018-05-11 08:32:13','2018-05-11 08:32:13'),(132,'ហួត សទ្ធី',74203,'ប្រុស',7,10,NULL,'06/03/1986','22/12/2014',8,28,'2018-05-11 08:32:13','2018-05-11 08:32:13'),(133,'រស់ កុសល្យ',74160,'ប្រុស',7,10,NULL,'05/05/1990','22/12/2014',8,28,'2018-05-11 08:32:13','2018-05-11 08:32:13'),(134,'ប៊ី សុផល(បណ្តោះអាសន្នថ្មពួក)',74163,'ប្រុស',8,10,NULL,'06/02/1985','22/12/2014',8,28,'2018-05-11 08:32:13','2018-05-11 08:32:13'),(135,'ញ៉យ សិលា',74167,'ប្រុស',7,10,NULL,'27/01/1986','22/12/2014',8,28,'2018-05-11 08:32:13','2018-05-11 08:32:13'),(136,'ហួត វីរៈ',74205,'ប្រុស',9,10,NULL,'05/05/1994','06/03/2015',8,28,'2018-05-11 08:32:13','2018-05-11 08:32:13'),(137,'ព្រឹម ដែន',74180,'ប្រុស',9,10,NULL,'04/06/1993','22/12/2014',8,28,'2018-05-11 08:32:13','2018-05-11 08:32:13'),(138,'ហាន ឆោម',74184,'ប្រុស',10,10,NULL,'06/08/1992','22/12/2014',8,28,'2018-05-11 08:32:13','2018-05-11 08:32:13'),(139,'មួង វណ្ណៈ',81236,'ប្រុស',8,10,NULL,'06/04/1987','11/04/2017',8,28,'2018-05-11 08:32:13','2018-05-11 08:32:13'),(140,'ហ៊ឹម ឡាត់',10315,'ប្រុស',5,6,NULL,'04/05/1971','15/06/1991',8,29,'2018-05-11 08:34:37','2018-05-11 08:34:37'),(141,'កូ ណៃ',56635,'ប្រុស',6,8,NULL,'07/04/1973','13/12/2005',8,29,'2018-05-11 08:34:37','2018-05-11 08:34:37'),(142,'វ៉ាន់ ផាន់ណា',44485,'ប្រុស',8,10,NULL,'01/03/1972','09/09/1990',8,29,'2018-05-11 08:34:37','2018-05-11 08:34:37'),(143,'ខុន យាង',44794,'ប្រុស',8,10,NULL,'01/01/1965','10/10/1993',8,29,'2018-05-11 08:34:37','2018-05-11 08:34:37'),(144,'កែម សុផល',44803,'ប្រុស',8,10,NULL,'04/11/1975','28/12/1993',8,29,'2018-05-11 08:34:37','2018-05-11 08:34:37'),(145,'សុខ បូរី',58939,'ប្រុស',8,10,NULL,'15/03/1982','10/01/2007',8,29,'2018-05-11 08:34:37','2018-05-11 08:34:37'),(146,'យ៉ុម យ៉ា',44792,'ប្រុស',9,10,NULL,'12/08/1969','01/01/1993',8,29,'2018-05-11 08:34:37','2018-05-11 08:34:37'),(147,'វ៉ាន់ ផុនសុផា',63725,'ប្រុស',8,10,NULL,'01/04/1985','05/08/2008',8,29,'2018-05-11 08:34:37','2018-05-11 08:34:37'),(148,'ឈឿត យ៉េន',44487,'ប្រុស',8,10,NULL,'08/12/1974','26/06/1993',8,29,'2018-05-11 08:34:37','2018-05-11 08:34:37'),(149,'វៀន រី',44789,'ប្រុស',8,10,NULL,'03/04/1968','06/07/1992',8,29,'2018-05-11 08:34:37','2018-05-11 08:34:37'),(150,'ឧត្តម វិឆុដា',81887,'ស្រី',8,10,NULL,'26/08/1998','11/04/2017',8,29,'2018-05-11 08:34:37','2018-05-11 08:34:37'),(151,'ភឿង ម៉ាន់សឹង្ហ',8082,'ប្រុស',4,4,NULL,'01/12/1972','01/04/1990',9,NULL,'2018-05-11 08:35:38','2018-05-11 08:35:38'),(152,'សុខ សាឡែន',3583,'ប្រុស',4,5,NULL,'06/08/1969','13/09/1993',9,NULL,'2018-05-11 08:35:39','2018-05-11 08:35:39'),(153,'ប៊ុន សេត',14243,'ប្រុស',4,5,NULL,'01/01/1964','20/08/1988',9,NULL,'2018-05-11 08:35:39','2018-05-11 08:35:39'),(154,'ឆេង អ៊ីសុខា',55423,'ប្រុស',4,5,NULL,'01/01/1978','12/02/2005',9,NULL,'2018-05-11 08:35:39','2018-05-11 08:35:39'),(155,'គង់ សុខឧត្ដម',15785,'ប្រុស',5,6,NULL,'09/01/1976','01/01/1995',9,30,'2018-05-11 08:39:02','2018-05-11 08:39:02'),(156,'ខ្លឹម នាងនួន',63982,'ប្រុស',6,8,NULL,'05/01/1981','20/08/2008',9,30,'2018-05-11 08:39:02','2018-05-11 08:39:02'),(157,'សុខ ភក្តី',70241,'ប្រុស',8,8,NULL,'08/10/1981','18/01/2012',9,30,'2018-05-11 08:39:02','2018-05-11 08:39:02'),(158,'ហូ ធានហ្វា',81394,'ប្រុស',13,10,NULL,'15/12/1995','18/07/2017',9,30,'2018-05-11 08:39:02','2018-05-11 08:39:02'),(159,'កាន់ សៀង',44540,'ប្រុស',6,6,NULL,'07/08/1975','14/06/1994',9,31,'2018-05-11 08:41:01','2018-05-11 08:41:01'),(160,'ចាន់ វីឡុង',44380,'ប្រុស',7,8,NULL,'23/10/1973','26/06/1993',9,31,'2018-05-11 08:41:01','2018-05-11 08:41:01'),(161,'ខៀវ សារ៉ា',8063,'ប្រុស',6,10,NULL,'06/10/1973','01/01/1993',9,31,'2018-05-11 08:41:01','2018-05-11 08:41:01'),(162,'ព្រហ្ម ពិសិដ្ឋ',10270,'ប្រុស',5,6,NULL,'07/12/1963','01/01/1993',9,32,'2018-05-11 08:41:51','2018-05-11 08:41:51'),(163,'ជូ គឹមជា',81378,'ប្រុស',10,10,NULL,'19/12/1996','18/07/2017',9,32,'2018-05-11 08:41:51','2018-05-11 08:41:51'),(164,'មុយ ស៊ីណាន',9063,'ប្រុស',5,6,NULL,'06/06/1966','16/05/1991',9,33,'2018-05-11 08:42:26','2018-05-11 08:42:26'),(165,'នួន រ៉ូម៉ា',44802,'ប្រុស',7,8,NULL,'03/11/1972','01/08/1991',9,33,'2018-05-11 08:42:26','2018-05-11 08:42:26'),(166,'ថោង ចាន់ថន',81381,'ប្រុស',10,10,NULL,'18/01/1991','18/07/2017',9,33,'2018-05-11 08:42:26','2018-05-11 08:42:26'),(167,'មិត្ដ ឃួត',10267,'ប្រុស',5,6,NULL,'08/05/1971','13/07/1989',9,34,'2018-05-11 08:45:00','2018-05-11 08:45:00'),(168,'ហ៊ីប ប្រាក់',75077,'ប្រុស',7,8,NULL,'07/08/1990','22/12/2014',9,34,'2018-05-11 08:45:01','2018-05-11 08:45:01'),(169,'វុធ គន្ធា',74175,'ស្រី',8,10,NULL,'26/07/1994','22/12/2014',9,34,'2018-05-11 08:45:01','2018-05-11 08:45:01'),(170,'រ៉ុង ដារ៉ា',63724,'ប្រុស',6,6,NULL,'16/12/1984','05/08/2008',9,35,'2018-05-11 08:46:17','2018-05-11 08:46:17'),(171,'កៅ ប៉ាន់ណា',34874,'ប្រុស',6,8,NULL,'10/01/1972','01/01/1993',9,35,'2018-05-11 08:46:17','2018-05-11 08:46:17'),(172,'វឿន សុភ័ក្រ',44430,'ប្រុស',8,8,NULL,'12/07/1964','11/11/1989',9,35,'2018-05-11 08:46:17','2018-05-11 08:46:17'),(173,'ឃឿត ភារិន',67635,'ប្រុស',6,6,NULL,'27/10/1983','29/12/2009',9,36,'2018-05-11 08:46:50','2018-05-11 08:46:50'),(174,'តែ វ៉ាន់',67203,'ប្រុស',7,8,NULL,'10/10/1985','22/10/2009',9,36,'2018-05-11 08:46:50','2018-05-11 08:46:50'),(175,'ស៊ុំ សារ៉ាន់(ឈឺយូ)',22585,'ស្រី',7,10,NULL,'06/10/1970','01/01/1993',9,36,'2018-05-11 08:46:50','2018-05-11 08:46:50'),(176,'ខែម សោភ័ណ',9042,'ប្រុស',3,4,NULL,'07/11/1982','01/01/1999',10,NULL,'2018-05-11 09:13:07','2018-05-11 09:13:07'),(177,'អ៊ុន សំរិទ្ធ',8065,'ប្រុស',4,5,NULL,'12/04/1966','12/04/1991',10,NULL,'2018-05-11 09:13:07','2018-05-11 09:13:07'),(178,'ឡែម សេរី',10287,'ប្រុស',4,5,NULL,'15/03/1969','01/09/1991',10,NULL,'2018-05-11 09:13:07','2018-05-11 09:13:07'),(179,'ព្រហ្ម ប៊ុនធឿន',55660,'ប្រុស',5,5,NULL,'21/05/1979','17/02/2005',10,NULL,'2018-05-11 09:13:08','2018-05-11 09:13:08'),(180,'រួន រី',50231,'ប្រុស',6,6,NULL,'11/10/1975','24/01/2005',10,37,'2018-05-11 09:14:11','2018-05-11 09:14:11'),(181,'លាម ទិន',63726,'ប្រុស',7,8,NULL,'13/03/1987','05/08/2008',10,37,'2018-05-11 09:14:11','2018-05-11 09:14:11'),(182,'សំ រាត្រី',74087,'ប្រុស',8,10,NULL,'13/12/1989','20/06/2017',10,37,'2018-05-11 09:14:11','2018-05-11 09:14:11'),(183,'ផាន់ ផានិត',81368,'ប្រុស',10,10,NULL,'19/07/1991','18/07/2017',10,37,'2018-05-11 09:14:11','2018-05-11 09:14:11'),(184,'ប៉ិច ធី',8064,'ប្រុស',5,6,NULL,'07/07/1970','01/01/1992',10,38,'2018-05-11 09:19:34','2018-05-11 09:19:34'),(185,'ប៉ូ រ៉ាដា(​ឈឺយូរ)',10272,'ប្រុស',6,8,NULL,'19/08/1970','01/01/1987',10,38,'2018-05-11 09:19:34','2018-05-11 09:19:34'),(186,'ឈុត ឈាង',81382,'ប្រុស',10,10,NULL,'02/05/1992','18/07/2017',10,38,'2018-05-11 09:19:34','2018-05-11 09:19:34'),(187,'សុន ភារម្យ',81380,'ប្រុស',10,10,NULL,'28/04/1990','18/07/2017',10,38,'2018-05-11 09:19:34','2018-05-11 09:19:34'),(188,'ទូច វាសនា',54944,'ប្រុស',5,6,NULL,'10/04/1983','03/05/2000',10,39,'2018-05-11 09:20:37','2018-05-11 09:20:37'),(189,'សុខ វង្ស',44381,'ប្រុស',7,8,NULL,'18/07/1969','01/01/1995',10,39,'2018-05-11 09:20:37','2018-05-11 09:20:37'),(190,'ព្រាប សុមាស',81375,'ប្រុស',10,10,NULL,'28/01/1990','18/07/2017',10,39,'2018-05-11 09:20:37','2018-05-11 09:20:37'),(191,'វិន សារ៉ាត់',10276,'ប្រុស',5,6,NULL,'02/11/1968','10/12/1986',10,40,'2018-05-11 09:23:15','2018-05-11 09:23:15'),(192,'គ្រុយ ហេង',58947,'ប្រុស',7,8,NULL,'03/01/1985','10/01/2007',10,40,'2018-05-11 09:23:15','2018-05-11 09:23:15'),(193,'ផល សុភាព',81343,'ប្រុស',8,10,NULL,'08/07/1991','18/07/2017',10,40,'2018-05-11 09:23:15','2018-05-11 09:23:15'),(194,'ម៉ាន់ បូរ',20341,'ប្រុស',5,6,NULL,'01/01/1971','10/04/1989',10,41,'2018-05-11 09:24:04','2018-05-11 09:24:04'),(195,'ងួន វណ្ណា',44553,'ប្រុស',7,8,NULL,'01/05/1973','10/11/1993',10,41,'2018-05-11 09:24:05','2018-05-11 09:24:05'),(196,'សួន សុត្ថារ័ត្ន',8071,'ប្រុស',4,4,NULL,'12/07/1968','12/08/1986',11,NULL,'2018-05-11 09:42:51','2018-05-11 09:42:51'),(197,'សោម សារុន',10260,'ប្រុស',4,5,NULL,'02/11/1974','25/11/1994',11,NULL,'2018-05-11 09:42:52','2018-05-11 09:42:52'),(198,'រស់ វុទ្ធី',10284,'ប្រុស',4,5,NULL,'05/10/1968','20/10/1988',11,NULL,'2018-05-11 09:42:52','2018-05-11 09:42:52'),(199,'នេត្រ វីរៈ',44431,'ប្រុស',6,6,NULL,'08/07/1970','01/01/1991',11,42,'2018-05-11 09:43:42','2018-05-11 09:43:42'),(200,'បាញ់ សេង',66683,'ប្រុស',6,8,NULL,'02/03/1979','14/08/2009',11,42,'2018-05-11 09:43:42','2018-05-11 09:43:42'),(201,'សុខ ចិត្រា',44626,'ប្រុស',9,10,NULL,'05/05/1975','01/10/1994',11,42,'2018-05-11 09:43:42','2018-05-11 09:43:42'),(202,'តន់ ង៉ិក',10280,'ប្រុស',5,6,NULL,'19/01/1967','01/01/1988',11,43,'2018-05-11 09:44:20','2018-05-11 09:44:20'),(203,'លឹម ផល្លី',44378,'ស្រី',7,8,NULL,'01/10/1975','23/03/1993',11,43,'2018-05-11 09:44:20','2018-05-11 09:44:20'),(204,'ចេង តៃហេង',10281,'ប្រុស',5,6,NULL,'09/10/1968','23/11/1991',11,44,'2018-05-11 09:44:55','2018-05-11 09:44:55'),(205,'ស៊ិន ហ្វា',44437,'ប្រុស',6,8,NULL,'02/07/1971','15/06/1990',11,44,'2018-05-11 09:44:55','2018-05-11 09:44:55'),(206,'កែ សារ៉ាន់',67647,'ប្រុស',9,10,NULL,'17/02/1984','29/12/2009',11,44,'2018-05-11 09:44:55','2018-05-11 09:44:55'),(207,'កែវ ផន',31257,'ប្រុស',5,6,NULL,'10/12/1967','25/01/1993',11,45,'2018-05-11 09:45:55','2018-05-11 09:45:55'),(208,'គ្រី កាន់ណារិទ្ធិ',10283,'ប្រុស',6,8,NULL,'01/02/1963','01/01/1991',11,45,'2018-05-11 09:45:55','2018-05-11 09:45:55'),(209,'អង់ នឿន',44599,'ប្រុស',9,10,NULL,'15/08/1971','01/01/1990',11,45,'2018-05-11 09:45:55','2018-05-11 09:45:55'),(210,'ឈឿន គឹមឈុន',54797,'ប្រុស',7,6,NULL,'25/04/1985','01/01/2004',11,46,'2018-05-11 09:46:52','2018-05-11 09:46:52'),(211,'បៀន វ៉ន',10279,'ប្រុស',6,8,NULL,'02/08/1963','01/01/1986',11,46,'2018-05-11 09:46:52','2018-05-11 09:46:52'),(212,'ឆេន សុវត្តិ',56597,'ប្រុស',3,4,NULL,'26/02/1982','13/12/2005',12,NULL,'2018-05-11 09:48:53','2018-05-11 09:48:53'),(213,'ឈឹម ណារ័ត្ន',8076,'ប្រុស',4,5,NULL,'15/02/1970','15/09/1989',12,NULL,'2018-05-11 09:48:53','2018-05-11 09:48:53'),(214,'យឹម នី',50150,'ប្រុស',5,5,NULL,'15/07/1971','02/02/2002',12,NULL,'2018-05-11 09:48:53','2018-05-11 09:48:53'),(215,'រស់ អៀម',32714,'ប្រុស',4,5,NULL,'03/04/1974','03/04/1993',12,NULL,'2018-05-11 09:48:53','2018-05-11 09:48:53'),(216,'ព្រំ វណ្ណា',22551,'ប្រុស',5,6,NULL,'01/02/1968','15/05/1993',12,47,'2018-05-11 09:52:17','2018-05-11 09:52:17'),(217,'ហែម ប៊ុនថន',44435,'ប្រុស',8,8,NULL,'10/03/1962','10/11/1991',12,47,'2018-05-11 09:52:17','2018-05-11 09:52:17'),(218,'វ៉ែន សុផានិត',81345,'ប្រុស',8,10,NULL,'14/04/1994','18/07/2017',12,47,'2018-05-11 09:52:17','2018-05-11 09:52:17'),(219,'សំ បូរិន្ទ',58917,'ប្រុស',5,6,NULL,'23/10/1979','10/01/2007',12,48,'2018-05-11 09:53:23','2018-05-11 09:53:23'),(220,'ខា សុគន្ធ',65841,'ប្រុស',7,8,NULL,'21/02/1985','14/08/2009',12,48,'2018-05-11 09:53:23','2018-05-11 09:53:23'),(221,'ហួយ ស៊ូមី',63741,'ប្រុស',7,8,NULL,'30/12/1986','05/08/2008',12,48,'2018-05-11 09:53:23','2018-05-11 09:53:23'),(222,'កន ស៊ីថា',22586,'ប្រុស',6,10,NULL,'10/02/1971','23/11/1993',12,48,'2018-05-11 09:53:23','2018-05-11 09:53:23'),(223,'វ៉ាន់ ដារ៉ុង',30600,'ប្រុស',8,10,NULL,'13/04/1971','01/01/1994',12,48,'2018-05-11 09:53:23','2018-05-11 09:53:23'),(224,'នូវ ផល្លា',10286,'ប្រុស',6,6,NULL,'08/09/1972','08/09/1992',12,49,'2018-05-11 09:54:17','2018-05-11 09:54:17'),(225,'កូល រាំងគារ(សេរី)',53847,'ប្រុស',6,8,NULL,'13/12/1983','16/09/2003',12,49,'2018-05-11 09:54:17','2018-05-11 09:54:17'),(226,'អ៊ុំ សារ៉ាវី',44695,'ប្រុស',8,10,NULL,'10/03/1968','26/03/1993',12,49,'2018-05-11 09:54:17','2018-05-11 09:54:17'),(227,'ផុន សុផល',52379,'ប្រុស',9,10,NULL,'02/05/1964','01/06/1993',12,49,'2018-05-11 09:54:17','2018-05-11 09:54:17'),(228,'ឈឹម ផន',70272,'ប្រុស',7,10,NULL,'06/03/1981','18/01/2012',12,49,'2018-05-11 09:54:17','2018-05-11 09:54:17'),(229,'ម៉ី បូរ៉ាន់',44796,'ប្រុស',5,6,NULL,'02/04/1970','23/06/1993',12,50,'2018-05-11 09:55:49','2018-05-11 09:55:49'),(230,'ឆៃ ចាន់សុវណ្ណាវិទូ',67216,'ប្រុស',8,8,NULL,'17/07/1990','22/10/2009',12,50,'2018-05-11 09:55:50','2018-05-11 09:55:50'),(231,'សឺន រីណា',22650,'ប្រុស',7,10,NULL,'13/01/1969','10/10/1991',12,50,'2018-05-11 09:55:50','2018-05-11 09:55:50'),(232,'សួន ដាវុធ',70789,'ប្រុស',7,10,NULL,'03/04/1983','01/10/2011',12,50,'2018-05-11 09:55:50','2018-05-11 09:55:50'),(233,'ឈុំ ណូវ៉ម',58946,'ប្រុស',8,10,NULL,'08/11/1987','10/01/2007',12,50,'2018-05-11 09:55:50','2018-05-11 09:55:50'),(234,'ភឿ ហាត់',8077,'ប្រុស',5,6,NULL,'02/03/1968','30/03/1988',12,51,'2018-05-11 09:57:02','2018-05-11 09:57:02'),(235,'យ៉ាន់ មុន្នីរៈ',22646,'ប្រុស',6,8,NULL,'02/08/1970','10/09/1992',12,51,'2018-05-11 09:57:02','2018-05-11 09:57:02'),(236,'ម៉ែន ធឿន',11199,'ប្រុស',6,10,NULL,'na','26/12/1996',12,51,'2018-05-11 09:57:02','2018-05-11 09:57:02'),(237,'ប៉ែន ឧត្តម',57921,'ប្រុស',7,10,NULL,'na','na',12,51,'2018-05-11 09:57:02','2018-05-11 09:57:02'),(238,'ង៉េង សុជា',50207,'ប្រុស',5,4,NULL,'02/07/1981','01/01/1999',13,NULL,'2018-05-11 09:57:50','2018-05-11 09:57:50'),(239,'ហ៊ឹម ហ៊ុល',8075,'ប្រុស',4,5,NULL,'10/07/1965','19/11/1986',13,NULL,'2018-05-11 09:57:50','2018-05-11 09:57:50'),(240,'ស្រី សារ៉ុម',8711,'ប្រុស',4,5,NULL,'07/08/1969','01/01/1990',13,NULL,'2018-05-11 09:57:50','2018-05-11 09:57:50'),(241,'ជួន កវី',65840,'ប្រុស',6,6,NULL,'08/03/1987','14/08/2009',13,52,'2018-05-11 09:58:38','2018-05-11 09:58:38'),(242,'ផុន វិចិត្រ',59000,'ប្រុស',6,8,NULL,'04/07/1984','10/01/2007',13,52,'2018-05-11 09:58:38','2018-05-11 09:58:38'),(243,'មុនី សួគ៌',10293,'ប្រុស',6,10,NULL,'07/09/1968','20/04/1989',13,52,'2018-05-11 09:58:38','2018-05-11 09:58:38'),(244,'អោម ម៉ែន',50148,'ប្រុស',6,10,NULL,'10/10/1980','02/02/2002',13,52,'2018-05-11 09:58:38','2018-05-11 09:58:38'),(245,'លុះ លាស់',35932,'ប្រុស',8,10,NULL,'','01/01/1993',13,52,'2018-05-11 09:58:38','2018-05-11 09:58:38'),(246,'ផល វណ្ណា',10291,'ប្រុស',5,6,NULL,'12/12/1972','13/12/1993',13,53,'2018-05-11 09:59:25','2018-05-11 09:59:25'),(247,'ហួត គឹមសាន',70218,'ប្រុស',7,8,NULL,'11/12/1986','18/01/2012',13,53,'2018-05-11 09:59:26','2018-05-11 09:59:26'),(248,'ភុំ សារី',8044,'ប្រុស',6,10,NULL,'29/04/1964','17/07/1988',13,53,'2018-05-11 09:59:26','2018-05-11 09:59:26'),(249,'ជិន សាវី',10312,'ប្រុស',6,6,NULL,'06/07/1970','25/11/1994',13,54,'2018-05-11 10:00:51','2018-05-11 10:00:51'),(250,'សាយ ពេជ្រ',44589,'ប្រុស',9,8,NULL,'02/02/1972','15/06/1998',13,54,'2018-05-11 10:00:51','2018-05-11 10:00:51'),(251,'ត្រក់ ចន្នី',44698,'ប្រុស',9,10,NULL,'09/06/1965','10/07/1993',13,54,'2018-05-11 10:00:51','2018-05-11 10:00:51'),(252,'សៀង សុភារ័ត្ន',63063,'ប្រុស',6,6,NULL,'01/02/1979','08/02/2007',13,55,'2018-05-11 10:01:46','2018-05-11 10:01:46'),(253,'លួត បូរ៉ា',72920,'ប្រុស',9,8,NULL,'14/12/1992','05/04/2013',13,55,'2018-05-11 10:01:46','2018-05-11 10:01:46'),(254,'ម៉ាន់ ចាយ',22647,'ប្រុស',7,10,NULL,'05/05/1970','22/07/1989',13,55,'2018-05-11 10:01:46','2018-05-11 10:01:46'),(255,'ឡាយ គឹមលូន',9066,'ប្រុស',4,4,NULL,'15/09/1973','08/08/1990',14,NULL,'2018-05-11 10:02:29','2018-05-11 10:02:29'),(256,'អោក សំណុក',56616,'ប្រុស',5,5,NULL,'02/02/1984','10/09/2005',14,NULL,'2018-05-11 10:02:29','2018-05-11 10:02:29'),(257,'ជា លាងហួរ',10265,'ប្រុស',4,5,NULL,'15/05/1963','01/01/1993',14,NULL,'2018-05-11 10:02:29','2018-05-11 10:02:29'),(258,'ស៊ុន សារឿន',22683,'ប្រុស',5,5,NULL,'03/04/1974','03/04/1993',14,NULL,'2018-05-11 10:02:29','2018-05-11 10:02:29'),(259,'ស៊ិន លើត',44632,'ប្រុស',7,6,NULL,'10/05/1969','06/06/1992',14,56,'2018-05-11 10:03:33','2018-05-11 10:03:33'),(260,'ហ៊ុយ ណាវី',44511,'ស្រី',9,10,NULL,'10/05/1968','29/10/1991',14,56,'2018-05-11 10:03:33','2018-05-11 10:03:33'),(261,'ឡោ គួន',44631,'ប្រុស',7,6,NULL,'14/06/1975','23/10/1993',14,57,'2018-05-11 10:08:20','2018-05-11 10:08:20'),(262,'រឿន ម៉ូវ',70169,'ប្រុស',7,8,NULL,'12/07/1988','17/01/2012',14,57,'2018-05-11 10:08:21','2018-05-11 10:08:21'),(263,'អេង ម៉េងអំ',34501,'ប្រុស',5,6,NULL,'10/10/1969','21/06/1999',14,58,'2018-05-11 10:09:21','2018-05-11 10:09:21'),(264,'ហោ ស្រីភួយ',44887,'ស្រី',8,8,NULL,'03/03/1973','15/06/1995',14,58,'2018-05-11 10:09:22','2018-05-11 10:09:22'),(265,'ថៃ សុផាត',22661,'ស្រី',6,10,NULL,'04/07/1974','04/07/1997',14,58,'2018-05-11 10:09:22','2018-05-11 10:09:22'),(266,'ទៀប គឹមហេង',56621,'ប្រុស',6,6,NULL,'01/01/1987','13/12/2005',14,59,'2018-05-11 10:10:21','2018-05-11 10:10:21'),(267,'យឿត ធិន',65806,'ប្រុស',7,8,NULL,'05/03/1980','14/08/2009',14,59,'2018-05-11 10:10:21','2018-05-11 10:10:21'),(268,'សយ សុភ័ណ',56626,'ប្រុស',7,10,NULL,'24/07/1982','13/12/2005',14,59,'2018-05-11 10:10:21','2018-05-11 10:10:21'),(269,'កី សំរិទ្ធ',9076,'ប្រុស',4,4,NULL,'02/06/1973','25/04/1994',15,NULL,'2018-05-11 10:12:48','2018-05-11 10:12:48'),(270,'សិត សំបោន',4251,'ប្រុស',4,5,NULL,'12/02/1968','14/12/1994',15,NULL,'2018-05-11 10:12:48','2018-05-11 10:12:48'),(271,'សឺង បូរ៉ា',8034,'ប្រុស',4,5,NULL,'01/01/1970','28/08/1990',15,NULL,'2018-05-11 10:12:48','2018-05-11 10:12:48'),(272,'ព្រឹក សត្យា',8040,'ប្រុស',4,5,NULL,'01/01/1963','07/07/1991',15,NULL,'2018-05-11 10:12:48','2018-05-11 10:12:48'),(273,'ឌឿក សំអាត',62320,'ប្រុស',6,6,NULL,'05/05/1983','05/10/2007',15,60,'2018-05-11 10:14:08','2018-05-11 10:14:08'),(274,'លី ហឿ',22703,'ប្រុស',6,8,NULL,'05/05/1970','26/06/1988',15,60,'2018-05-11 10:14:08','2018-05-11 10:14:08'),(275,'មេឃ ស្ដើង',9037,'ប្រុស',5,6,NULL,'01/01/1966','01/01/1993',15,61,'2018-05-11 10:17:27','2018-05-11 10:17:27'),(276,'ហៀង សីហា',74151,'ប្រុស',7,8,NULL,'15/08/1984','22/12/2014',15,61,'2018-05-11 10:17:27','2018-05-11 10:17:27'),(277,'រ៉ូ សំបូរ',81238,'ប្រុស',8,10,NULL,'10/09/1989','11/04/2017',15,61,'2018-05-11 10:17:27','2018-05-11 10:17:27'),(278,'ព្រហ្ម តាំង',22576,'ប្រុស',6,6,NULL,'08/09/1969','04/08/1993',15,62,'2018-05-11 10:18:39','2018-05-11 10:18:39'),(279,'ដួង អ៊ាប',22579,'ប្រុស',6,6,NULL,'03/07/1967','15/10/1984',15,63,'2018-05-11 10:19:37','2018-05-11 10:19:37'),(280,'ប្រាក់ សាលី',44372,'ប្រុស',6,8,NULL,'04/06/1966','04/06/1993',15,63,'2018-05-11 10:19:37','2018-05-11 10:19:37'),(281,'អ៊ុក ប៊ុនឡុង',81376,'ប្រុស',10,10,NULL,'20/11/1998','18/07/2017',15,63,'2018-05-11 10:19:37','2018-05-11 10:19:37'),(282,'ស៊ុយ សុគុណ',22608,'ប្រុស',6,6,NULL,'02/08/1974','26/08/1994',15,64,'2018-05-11 10:20:20','2018-05-11 10:20:20'),(283,'សួស សុគុណដារី',44783,'ប្រុស',8,8,NULL,'11/03/1980','15/10/1997',15,64,'2018-05-11 10:20:20','2018-05-11 10:20:20'),(284,'ឈួន សារ៉ាត់',57146,'ប្រុស',6,10,NULL,'01/03/1981','13/12/2009',15,64,'2018-05-11 10:20:20','2018-05-11 10:20:20'),(285,'ឃួន វណ្ណា',8035,'ប្រុស',3,4,NULL,'12/10/1972','30/10/1990',16,NULL,'2018-05-11 10:21:16','2018-05-11 10:21:16'),(286,'គិន គឹមសឿត',15769,'ប្រុស',4,5,NULL,'01/01/1965','02/02/1988',16,NULL,'2018-05-11 10:21:16','2018-05-11 10:21:16'),(287,'សៀម សាមេត',10304,'ប្រុស',4,5,NULL,'12/01/1970','10/01/1991',16,NULL,'2018-05-11 10:21:16','2018-05-11 10:21:16'),(288,'មាស សំរិទ្ធ',9100,'ប្រុស',5,5,NULL,'03/06/1965','20/02/1989',16,NULL,'2018-05-11 10:21:16','2018-05-11 10:21:16'),(289,'ព្លាន សំភើយ',22666,'ប្រុស',6,6,NULL,'06/08/1973','10/12/1991',16,65,'2018-05-11 10:22:11','2018-05-11 10:22:11'),(290,'ទេស ចន្ថា',44469,'ប្រុស',8,8,NULL,'12/12/1970','05/06/1993',16,65,'2018-05-11 10:22:11','2018-05-11 10:22:11'),(291,'សុវត្ដិ សុវណ្ណនីន',59053,'ប្រុស',10,10,NULL,'15/01/1986','10/01/2007',16,65,'2018-05-11 10:22:11','2018-05-11 10:22:11'),(292,'ភឿ សំអិត',22669,'ប្រុស',7,10,NULL,'06/01/1973','10/12/1991',16,65,'2018-05-11 10:22:11','2018-05-11 10:22:11'),(293,'សុខ សុផល',70165,'ប្រុស',9,10,NULL,'15/10/1988','17/01/2012',16,65,'2018-05-11 10:22:11','2018-05-11 10:22:11'),(294,'ប្លែក វណ្ណជិន',44472,'ប្រុស',8,6,NULL,'05/06/1968','07/07/1993',16,66,'2018-05-11 10:23:08','2018-05-11 10:23:08'),(295,'សាយ ទីន',50135,'ប្រុស',6,8,NULL,'09/02/1969','04/04/1992',16,66,'2018-05-11 10:23:08','2018-05-11 10:23:08'),(296,'ប្លែក វណ្ណជិន',44472,'ប្រុស',8,6,NULL,'05/06/1968','07/07/1993',16,66,'2018-05-11 10:24:11','2018-05-11 10:24:11'),(297,'សាយ ទីន',50135,'ប្រុស',6,8,NULL,'09/02/1969','04/04/1992',16,66,'2018-05-11 10:24:12','2018-05-11 10:24:12'),(298,'យ៉ាំ ភាព',22667,'ប្រុស',6,6,NULL,'10/06/1974','28/03/1991',16,67,'2018-05-11 10:25:00','2018-05-11 10:25:00'),(299,'នូវ សុជា',44779,'ប្រុស',7,8,NULL,'07/08/1972','30/10/1993',16,67,'2018-05-11 10:25:00','2018-05-11 10:25:00'),(300,'វង្ស សាខន',44355,'ប្រុស',7,10,NULL,'25/01/1970','30/06/1993',16,67,'2018-05-11 10:25:00','2018-05-11 10:25:00'),(301,'តាន់ បញ្ញាវឌ្ឍន្ស៍',44776,'ប្រុស',8,10,NULL,'08/09/1976','07/07/1993',16,67,'2018-05-11 10:25:00','2018-05-11 10:25:00'),(302,'ញ៉ែម វណ្ណៈ',10235,'ប្រុស',6,8,NULL,'09/09/1970','15/06/1995',16,68,'2018-05-11 10:25:43','2018-05-11 10:25:43'),(303,'វង្ស វឌ្ឍនៈឧត្តម',81244,'ប្រុស',8,10,NULL,'08/10/1994','11/04/2017',16,68,'2018-05-11 10:25:43','2018-05-11 10:25:43'),(304,'ពៅ វណ្ណី',81329,'ប្រុស',8,10,NULL,'12/06/1989','18/07/2017',16,68,'2018-05-11 10:25:43','2018-05-11 10:25:43'),(305,'ស៊ុត ប៊ុនសង',10236,'ប្រុស',5,6,NULL,'10/11/1968','08/08/1988',16,69,'2018-05-11 10:26:40','2018-05-11 10:26:40'),(306,'ស្វាត់ សុវណ្ណីយ៍',63716,'ស្រី',7,10,NULL,'13/02/1984','05/08/2008',16,69,'2018-05-11 10:26:40','2018-05-11 10:26:40'),(307,'គិម ឬទ្ធិពល',81239,'ប្រុស',8,10,NULL,'22/07/1990','11/04/2017',16,69,'2018-05-11 10:26:40','2018-05-11 10:26:40'),(308,'សន គឹមសួគ៌',10278,'ប្រុស',3,4,NULL,'20/07/1962','01/11/1987',17,NULL,'2018-05-11 10:28:05','2018-05-11 10:28:05'),(309,'គី មករា',8072,'ប្រុស',4,5,NULL,'01/01/1969','25/10/1993',17,NULL,'2018-05-11 10:28:05','2018-05-11 10:28:05'),(310,'សួន នីប៉ូ',10295,'ប្រុស',4,5,NULL,'16/09/1975','30/10/1994',17,NULL,'2018-05-11 10:28:05','2018-05-11 10:28:05'),(311,'ឃួន វិបុល',56640,'ប្រុស',6,6,NULL,'08/11/1985','13/12/2005',17,70,'2018-05-11 10:30:12','2018-05-11 10:30:12'),(312,'កែវ មនោរ៉ា',67219,'ប្រុស',8,8,NULL,'30/09/1989','22/10/2009',17,70,'2018-05-11 10:30:12','2018-05-11 10:30:12'),(313,'អ៊ាង វណ្ណា',81235,'ប្រុស',8,10,NULL,'03/01/1991','11/04/2017',17,70,'2018-05-11 10:30:12','2018-05-11 10:30:12'),(314,'ហឿន សោម៉ាលី',81298,'ស្រី',10,10,NULL,'03/11/1990','11/04/2017',17,70,'2018-05-11 10:30:12','2018-05-11 10:30:12'),(315,'សឿប សីហា',81355,'ប្រុស',10,10,NULL,'04/12/1996','18/07/2017',17,70,'2018-05-11 10:30:12','2018-05-11 10:30:12'),(316,'ម៉ន ណារ៉ូ',81341,'ប្រុស',8,10,NULL,'15/09/1992','18/07/2017',17,70,'2018-05-11 10:30:12','2018-05-11 10:30:12'),(317,'សួន សុវណ្ណមាលា',81242,'ស្រី',8,10,NULL,'07/09/1991','11/04/2017',17,70,'2018-05-11 10:30:12','2018-05-11 10:30:12'),(318,'ហ៊ាន ហុងសៀក',65826,'ប្រុស',6,6,NULL,'01/02/1990','14/08/2009',17,71,'2018-05-11 10:31:51','2018-05-11 10:31:51'),(319,'ម៉ី សារ៉េន',44628,'ប្រុស',7,8,NULL,'05/02/1973','07/08/1994',17,71,'2018-05-11 10:31:51','2018-05-11 10:31:51'),(320,'សួស រិទ្ធី',74147,'ប្រុស',8,10,NULL,'03/01/1988','22/12/2014',17,71,'2018-05-11 10:31:51','2018-05-11 10:31:51'),(321,'ហូល សម្បត្ដិវណ្តែត',74153,'ប្រុស',8,10,NULL,'03/03/1989','22/12/2014',17,71,'2018-05-11 10:31:51','2018-05-11 10:31:51'),(322,'ផ្លែង រក្សា',74158,'ប្រុស',8,10,NULL,'02/09/1990','22/12/2014',17,71,'2018-05-11 10:31:51','2018-05-11 10:31:51'),(323,'ជូ ជា',67217,'ប្រុស',8,10,NULL,'25/05/1985','22/10/2009',17,71,'2018-05-11 10:31:51','2018-05-11 10:31:51'),(324,'សិទ្ធិស៊ី ម៉ូនីកា',81300,'ស្រី',10,10,NULL,'09/04/1999','11/04/2017',17,71,'2018-05-11 10:31:51','2018-05-11 10:31:51'),(325,'ស្រេង ណាំឈៀវ',81292,'ប្រុស',10,10,NULL,'14/07/1997','11/04/2017',17,71,'2018-05-11 10:31:51','2018-05-11 10:31:51'),(334,'មុំ រតនៈ',0,'ប្រុស',8,10,NULL,'15/10/1993','11/04/2017',17,71,'2018-05-11 10:33:33','2018-05-11 10:33:33'),(335,'ហ៊ុយ គឹមហុង',73158,'ប្រុស',8,8,NULL,'01/11/1992','04/05/2013',17,72,'2018-05-11 10:36:54','2018-05-11 10:36:54'),(336,'ស៊ូ សម្បត្ដិ',22702,'ប្រុស',7,10,NULL,'02/03/1963','08/10/1990',17,72,'2018-05-11 10:36:54','2018-05-11 10:36:54'),(337,'ទីវ ឌុល',22673,'ប្រុស',6,10,NULL,'na','na',17,72,'2018-05-11 10:36:54','2018-05-11 10:36:54'),(338,'ឡុង លីហឿន',63728,'ប្រុស',8,10,NULL,'07/03/1988','05/08/2008',17,72,'2018-05-11 10:36:54','2018-05-11 10:36:54'),(339,'យិត ម៉ារី',76169,'ស្រី',7,10,NULL,'15/09/1991','22/12/2014',17,72,'2018-05-11 10:36:54','2018-05-11 10:36:54'),(340,'សេង វណ្ណចាន់ដារ៉ា',81243,'ស្រី',8,10,NULL,'27/09/1987','11/04/2017',17,72,'2018-05-11 10:36:54','2018-05-11 10:36:54'),(341,'សេង ឡៃស៊ាម',81319,'ប្រុស',8,10,NULL,'13/03/1990','18/07/2017',17,72,'2018-05-11 10:36:55','2018-05-11 10:36:55'),(342,'ប៉ុច សត្យាម៉ាលីណែត',81302,'ស្រី',10,10,NULL,'14/04/1996','11/04/2017',17,72,'2018-05-11 10:36:55','2018-05-11 10:36:55'),(343,'មុំ  រតនា',10299,'ប្រុស',5,6,NULL,'14/01/1968','20/08/1988',17,73,'2018-05-11 10:37:51','2018-05-11 10:37:51'),(344,'ម៉ាន់ រឿយ',56610,'ប្រុស',6,8,NULL,'06/07/1982','13/12/2005',17,73,'2018-05-11 10:37:51','2018-05-11 10:37:51'),(345,'អ៊ុង វាសនា',63739,'ប្រុស',7,10,NULL,'27/08/1986','05/08/2008',17,73,'2018-05-11 10:37:51','2018-05-11 10:37:51'),(346,'ផ្លែង កក្កដា',65829,'ប្រុស',8,10,NULL,'03/07/1990','14/08/2009',17,73,'2018-05-11 10:37:51','2018-05-11 10:37:51'),(347,'មួង ចំណាប់',65831,'ប្រុស',8,10,NULL,'07/09/1986','14/08/2009',17,73,'2018-05-11 10:37:51','2018-05-11 10:37:51'),(348,'ភិន សុផល',44800,'ប្រុស',8,10,NULL,'10/10/1967','10/10/1990',17,73,'2018-05-11 10:37:51','2018-05-11 10:37:51'),(349,'ចាន់ ម៉ានេន',74170,'ស្រី',7,10,NULL,'07/08/1990','22/12/2014',17,73,'2018-05-11 10:37:51','2018-05-11 10:37:51'),(350,'វុន ឡកសៀ',74185,'ប្រុស',9,10,NULL,'17/10/1994','22/12/2014',17,73,'2018-05-11 10:37:51','2018-05-11 10:37:51'),(351,'ហ៊ុន សុវណ្ណ',64681,'ប្រុស',8,10,NULL,'18/06/1986','20/02/2009',17,73,'2018-05-11 10:37:51','2018-05-11 10:37:51'),(352,'ហាប់ សេរីវឌ្ឍន៍',81280,'ប្រុស',10,10,NULL,'18/10/1996','11/04/2017',17,73,'2018-05-11 10:37:51','2018-05-11 10:37:51'),(353,'ទឹម សុតៃ',81314,'ប្រុស',8,10,NULL,'06/08/1989','18/07/2017',17,73,'2018-05-11 10:37:51','2018-05-11 10:37:51'),(354,'ហេង រ៉ាស៊ីន',81247,'ប្រុស',10,10,NULL,'01/03/1995','11/04/2017',17,73,'2018-05-11 10:37:51','2018-05-11 10:37:51'),(355,'ខឹម វិសុទ្ធ',22638,'ប្រុស',5,6,NULL,'04/08/1973','10/06/1993',17,74,'2018-05-11 10:38:46','2018-05-11 10:38:46'),(356,'ហូល សម្បត្ដិឧត្ដេត',65822,'ប្រុស',8,8,NULL,'13/05/1985','14/08/2009',17,74,'2018-05-11 10:38:46','2018-05-11 10:38:46'),(357,'ពិន វាសនា',67644,'ប្រុស',8,10,NULL,'12/03/1986','29/12/2009',17,74,'2018-05-11 10:38:46','2018-05-11 10:38:46'),(358,'ធៀង ប៉េងហុង',74181,'ប្រុស',10,10,NULL,'14/08/1992','22/12/2014',17,74,'2018-05-11 10:38:46','2018-05-11 10:38:46'),(359,'ហុំាង សៅរី',74178,'ស្រី',8,10,NULL,'14/04/1990','22/12/2014',17,74,'2018-05-11 10:38:46','2018-05-11 10:38:46'),(360,'គង់ សុថេន',74171,'ស្រី',10,10,NULL,'08/09/1988','22/12/2014',17,74,'2018-05-11 10:38:46','2018-05-11 10:38:46'),(361,'អេង ចាន់ថុល',81246,'ប្រុស',8,10,NULL,'15/06/1987','11/04/2017',17,74,'2018-05-11 10:38:46','2018-05-11 10:38:46'),(362,'សាំង រិទ្ធី',81237,'ប្រុស',8,10,NULL,'10/03/1989','11/04/2017',17,74,'2018-05-11 10:38:46','2018-05-11 10:38:46'),(363,'អឿន អភិវឌ្ឍន៍',81291,'ប្រុស',10,10,NULL,'21/09/1994','11/04/2017',17,74,'2018-05-11 10:38:46','2018-05-11 10:38:46'),(364,'ផេង ម៉ារីដា',81348,'ស្រី',8,10,NULL,'27/09/1987','18/07/2017',17,74,'2018-05-11 10:38:46','2018-05-11 10:38:46'),(365,'ឈៀង គឹមហាំង',81390,'ប្រុស',13,10,NULL,'14/03/1999','18/07/2017',17,74,'2018-05-11 10:38:46','2018-05-11 10:38:46'),(366,'អ៊ុក សុផាត',58905,'male',3,10,'na',NULL,NULL,1,NULL,'2018-05-14 03:56:36','2018-05-14 03:56:36');
/*!40000 ALTER TABLE `officers` ENABLE KEYS */;
UNLOCK TABLES;

--
-- Table structure for table `offices`
--

DROP TABLE IF EXISTS `offices`;
/*!40101 SET @saved_cs_client     = @@character_set_client */;
/*!40101 SET character_set_client = utf8 */;
CREATE TABLE `offices` (
  `id` int(10) unsigned NOT NULL AUTO_INCREMENT,
  `name` varchar(191) COLLATE utf8_unicode_ci NOT NULL,
  `group_id` int(11) DEFAULT NULL,
  PRIMARY KEY (`id`)
) ENGINE=InnoDB AUTO_INCREMENT=18 DEFAULT CHARSET=utf8 COLLATE=utf8_unicode_ci;
/*!40101 SET character_set_client = @saved_cs_client */;

--
-- Dumping data for table `offices`
--

LOCK TABLES `offices` WRITE;
/*!40000 ALTER TABLE `offices` DISABLE KEYS */;
INSERT INTO `offices` VALUES (1,'ការិយាល័យបុគ្គលិក',1),(2,'ការិយាល័យបណ្ដុះបណ្ដាល វិក្រឹតការ',1),(3,'ការិយាល័យរដ្ឋបាល',2),(4,'ការិយាល័យសរុប ផែនការ',2),(5,'ការិយាល័យវិទ្យុទាក់ទង',2),(6,'ការិយាល័យអក្សរសម្ងាត់',2),(7,'ការិយាល័យកិច្ចការប៉ុស្តិ៍នគរបាលរដ្ឋបាល',2),(8,'ការិយាល័យអន្ដរាគមន៍ និងតម្រួតបទបញ្ជា',2),(9,'ការិយាល័យនគរបាលព្រហ្មទណ្ឌកម្រិតធ្ងន់',3),(10,'ការិយាល័យនគរបាលព្រហ្មទណ្ឌកម្រិតស្រាល',3),(11,'ការិយាល័យនគរបាលបច្ចេកទេសនិងវិទ្យាសាស្ដ្រ',3),(12,'ការិយាល័យនគរបាលប្រឆាំងបទល្មើសសេដ្ឋកិច្ច',4),(13,'ការិយាល័យប្រឆាំងគ្រឿងញៀន',4),(14,'ការិយាល័យប្រឆាំងការជួញដូរមនុស្ស និងការពារអនីតិជន',4),(15,'ការិយាល័យសន្ដិសុខផ្ទៃក្នុង',5),(16,'ការិយាល័យប្រឆាំងភេរវកម្ម និងឧក្រិដ្ឋកម្មឆ្លងដែន',5),(17,'ការិយាល័យនគរបាលចរាចរណ៍ផ្លូវគោក',6);
/*!40000 ALTER TABLE `offices` ENABLE KEYS */;
UNLOCK TABLES;

--
-- Table structure for table `parts`
--

DROP TABLE IF EXISTS `parts`;
/*!40101 SET @saved_cs_client     = @@character_set_client */;
/*!40101 SET character_set_client = utf8 */;
CREATE TABLE `parts` (
  `id` int(10) unsigned NOT NULL AUTO_INCREMENT,
  `name` varchar(191) COLLATE utf8_unicode_ci NOT NULL,
  `office_id` int(11) DEFAULT NULL,
  `created_at` timestamp NULL DEFAULT NULL,
  `updated_at` timestamp NULL DEFAULT NULL,
  PRIMARY KEY (`id`)
) ENGINE=InnoDB AUTO_INCREMENT=75 DEFAULT CHARSET=utf8 COLLATE=utf8_unicode_ci;
/*!40101 SET character_set_client = @saved_cs_client */;

--
-- Dumping data for table `parts`
--

LOCK TABLES `parts` WRITE;
/*!40000 ALTER TABLE `parts` DISABLE KEYS */;
INSERT INTO `parts` VALUES (1,'ផ្នែករដ្ឋបាលសរុប',1,'2018-05-10 09:45:12','2018-05-10 09:45:12'),(2,'ផ្នែកអនុវត្តន៍វិន័យ',1,'2018-05-10 09:53:41','2018-05-10 09:53:41'),(3,'ផ្នែកក្របខ័ណ្ឌបៀវត្សរ៍ពលកម្ម',1,'2018-05-10 09:55:01','2018-05-10 09:55:01'),(4,'ផ្នែកគ្រប់គ្រងសំណុំលិខិតបុគ្គលិក',1,'2018-05-10 09:56:00','2018-05-10 09:56:00'),(5,'ផ្នែកបុគ្គលិក',1,'2018-05-10 09:56:40','2018-05-10 09:56:40'),(6,'ផ្នែកគោលនយោបាយសោធននិវត្ដនិងលើកសរសើរជូនរង្វាន់',1,'2018-05-10 09:58:08','2018-05-10 09:58:08'),(7,'ផ្នែករដ្ឋបាល សរុប',2,'2018-05-10 10:10:08','2018-05-10 10:10:08'),(8,'ផ្នែកបណ្ដុះបណ្ដាលនិងវិក្រឹតការ',2,'2018-05-10 10:11:51','2018-05-10 10:11:51'),(9,'ផ្នែកកម្មវិធីសិក្សា',2,'2018-05-10 10:12:25','2018-05-10 10:12:25'),(10,'ផ្នែករដ្ឋបាលសរុប',3,'2018-05-11 08:07:43','2018-05-11 08:07:43'),(11,'ផ្នែកទំនាក់ទំនងសាធារណៈនិងពីធីការ',3,'2018-05-11 08:08:29','2018-05-11 08:08:29'),(12,'ផ្នែកនាំសារ',3,'2018-05-11 08:09:11','2018-05-11 08:09:11'),(13,'ផ្នែកតាមដានបូកសរុបការងារការិយាល័យជំនាញ',4,'2018-05-11 08:11:31','2018-05-11 08:11:31'),(14,'ផ្នែកតាមដានបូកសរុបការងារអធិការដ្ឋាន',4,'2018-05-11 08:12:06','2018-05-11 08:12:06'),(15,'ផ្នែកព័មានវិទ្យា',4,'2018-05-11 08:12:50','2018-05-11 08:12:50'),(16,'ផ្នែករដ្ឋបាលសរុប',5,'2018-05-11 08:14:45','2018-05-11 08:14:45'),(17,'ផ្នែកទូរលេខ',5,'2018-05-11 08:15:37','2018-05-11 08:15:37'),(18,'ផ្នែកវិទ្យុទាក់ទង',5,'2018-05-11 08:16:30','2018-05-11 08:16:30'),(19,'ផ្នែកបំភ័ន្តអក្ខរៈរដ្ឋបាល',6,'2018-05-11 08:18:25','2018-05-11 08:18:25'),(20,'ផ្នែករដ្ឋបាលនិងទទួលសារ',6,'2018-05-11 08:19:19','2018-05-11 08:19:19'),(21,'ផ្នែកបំភ័ន្តអក្ខរៈនគរបាល',6,'2018-05-11 08:19:52','2018-05-11 08:19:52'),(22,'ផ្នែកប្រតិបត្តិនិងគាំទ្រ',7,'2018-05-11 08:21:52','2018-05-11 08:21:52'),(23,'ផ្នែកអភិវឌ្ឍន៍ប៉ុស្តិ៍',7,'2018-05-11 08:22:38','2018-05-11 08:22:38'),(24,'ផ្នែកបណ្តុះបណ្តាល',7,'2018-05-11 08:23:50','2018-05-11 08:23:50'),(25,'ផ្នែករដ្ឋបាលសរុប',8,'2018-05-11 08:25:11','2018-05-11 08:25:11'),(26,'ផ្នែកចល័តការពារ',8,'2018-05-11 08:28:51','2018-05-11 08:28:51'),(27,'ផ្នែកអន្ដរាគមន៍',8,'2018-05-11 08:29:31','2018-05-11 08:29:31'),(28,'ផ្នែកបាតុកម្ម',8,'2018-05-11 08:30:45','2018-05-11 08:30:45'),(29,'ផ្នែកការពារគោលដៅ',8,'2018-05-11 08:33:01','2018-05-11 08:33:01'),(30,'ផ្នែករដ្ឋបាលសរុប',9,'2018-05-11 08:37:38','2018-05-11 08:37:38'),(31,'ផ្នែកសួរចម្លើយនិងសំណុំរឿង',9,'2018-05-11 08:39:27','2018-05-11 08:39:27'),(32,'ផ្នែកបទឧក្រិដ្ឋ១',9,'2018-05-11 08:41:28','2018-05-11 08:41:28'),(33,'ផ្នែកបទឧក្រិដ្ឋ២',9,'2018-05-11 08:42:04','2018-05-11 08:42:04'),(34,'ផ្នែកគ្រប់គ្រងនិងអនុវត្តដីកា',9,'2018-05-11 08:44:33','2018-05-11 08:44:33'),(35,'ផ្នែកបង្ការបង្ក្រាបបទល្មើសលើសម្បត្តិវប្បធម៌',9,'2018-05-11 08:45:20','2018-05-11 08:45:20'),(36,'ផ្នែកស្រាវជ្រាវនិងស៊ើបអង្កេត',9,'2018-05-11 08:46:12','2018-05-11 08:46:12'),(37,'ផ្នែករដ្ឋបាលសរុប',10,'2018-05-11 09:13:49','2018-05-11 09:13:49'),(38,'ផ្នែកស្រាវជ្រាវនិងស៊ើបអង្កេត',10,'2018-05-11 09:14:28','2018-05-11 09:14:28'),(39,'ផ្នែកមជ្ឈឹម១',10,'2018-05-11 09:20:09','2018-05-11 09:20:09'),(40,'ផ្នែកមជ្ឈឹម២',10,'2018-05-11 09:20:58','2018-05-11 09:20:58'),(41,'ផ្នែកសួរចម្លើយនិងសំណុំរឿង',10,'2018-05-11 09:23:38','2018-05-11 09:23:38'),(42,'ផ្នែករដ្ឋបាលសរុប',11,'2018-05-11 09:39:50','2018-05-11 09:39:50'),(43,'ផ្នែកបច្ចេកទេសរូបភាព',11,'2018-05-11 09:43:57','2018-05-11 09:43:57'),(44,'ផ្នែកកោសល្យវិច័យ',11,'2018-05-11 09:44:33','2018-05-11 09:44:33'),(45,'ផ្នែកបណ្ណសារ',11,'2018-05-11 09:45:16','2018-05-11 09:45:16'),(46,'ផ្នែកពិនិត្យកន្លែងកើតហេតុ',11,'2018-05-11 09:46:19','2018-05-11 09:46:19'),(47,'ផ្នែករដ្ឋបាលសរុប',12,'2018-05-11 09:49:13','2018-05-11 09:49:13'),(48,'ផ្នែកផលិតផលនាំចេញនាំចូល',12,'2018-05-11 09:52:29','2018-05-11 09:52:29'),(49,'ផ្នែកសារពើពន្ធ',12,'2018-05-11 09:53:37','2018-05-11 09:53:37'),(50,'ផ្នែកផលិតផលក្នុងស្រុក',12,'2018-05-11 09:54:58','2018-05-11 09:54:58'),(51,'នាយផ្នែកប្រឆាំងវិច្ឆេតកម្ម',12,'2018-05-11 09:56:04','2018-05-11 09:56:04'),(52,'ផ្នែករដ្ឋបាលសរុប',13,'2018-05-11 09:58:07','2018-05-11 09:58:07'),(53,'ផ្នែកស្រាវជ្រាវនិងស៊ើបអង្កេត',13,'2018-05-11 09:58:59','2018-05-11 09:58:59'),(54,'ផ្នែកប្រឆាំងគ្រឿងញៀន',13,'2018-05-11 10:00:01','2018-05-11 10:00:01'),(55,'ផ្នែកសួរចម្លើយនិងសំណុំរឿង',13,'2018-05-11 10:01:05','2018-05-11 10:01:05'),(56,'ផ្នែករដ្ឋបាលសរុប',14,'2018-05-11 10:02:45','2018-05-11 10:02:45'),(57,'ផ្នែកប្រឆាំងការជួញដូរមនុស្ស',14,'2018-05-11 10:07:24','2018-05-11 10:07:24'),(58,'ផ្នែកការពារអនីតិជន',14,'2018-05-11 10:08:35','2018-05-11 10:08:35'),(59,'ផ្នែកព័ត៌មាននិងបច្ចេកវិទ្យា',14,'2018-05-11 10:09:46','2018-05-11 10:09:46'),(60,'ផ្នែករដ្ឋបាលសរុប',15,'2018-05-11 10:13:34','2018-05-11 10:13:34'),(61,'ផ្នែកការពារការសំងាត់ជាតិ',15,'2018-05-11 10:14:21','2018-05-11 10:14:21'),(62,'ផ្នែកព័ត៌មានលើវិស័យសេដ្ឋកិច្ចវប្បធម៌អប់រំនិងសង្គម',15,'2018-05-11 10:17:52','2018-05-11 10:17:52'),(63,'ផ្នែកស៊ើបការណ៍',15,'2018-05-11 10:19:12','2018-05-11 10:19:12'),(64,'ផ្នែកផែនការសរុបនិងវិភាគ',15,'2018-05-11 10:19:49','2018-05-11 10:19:49'),(65,'ផ្នែករដ្ឋបាលសរុប',16,'2018-05-11 10:21:36','2018-05-11 10:21:36'),(66,'ផ្នែកស៊ើបអង្កេត',16,'2018-05-11 10:22:47','2018-05-11 10:22:47'),(67,'ផ្នែកស៊ើបការណ៍ខាងក្រៅ',16,'2018-05-11 10:24:23','2018-05-11 10:24:23'),(68,'ផ្នែកប្រតិបត្ដិការបង្ក្រាប',16,'2018-05-11 10:25:15','2018-05-11 10:25:15'),(69,'ផ្នែកប្រមូលព័ត៌មាន',16,'2018-05-11 10:26:07','2018-05-11 10:26:07'),(70,'ផ្នែករដ្ឋបាលសរុប',17,'2018-05-11 10:29:19','2018-05-11 10:29:19'),(71,'ផ្នែកឃោសនានិងល្បាតត្រួតពិនិត្យ',17,'2018-05-11 10:31:16','2018-05-11 10:31:16'),(72,'ផ្នែកដោះស្រាយគ្រោះថ្នាក់ចរាចរ',17,'2018-05-11 10:36:01','2018-05-11 10:36:01'),(73,'ផ្នែកអន្ដរាគមន៍',17,'2018-05-11 10:37:12','2018-05-11 10:37:12'),(74,'ផ្នែកបញ្ជាចរាចរ',17,'2018-05-11 10:38:04','2018-05-11 10:38:04');
/*!40000 ALTER TABLE `parts` ENABLE KEYS */;
UNLOCK TABLES;

--
-- Table structure for table `password_resets`
--

DROP TABLE IF EXISTS `password_resets`;
/*!40101 SET @saved_cs_client     = @@character_set_client */;
/*!40101 SET character_set_client = utf8 */;
CREATE TABLE `password_resets` (
  `email` varchar(191) COLLATE utf8_unicode_ci NOT NULL,
  `token` varchar(191) COLLATE utf8_unicode_ci NOT NULL,
  `created_at` timestamp NULL DEFAULT NULL,
  KEY `password_resets_email_index` (`email`),
  KEY `password_resets_token_index` (`token`)
) ENGINE=InnoDB DEFAULT CHARSET=utf8 COLLATE=utf8_unicode_ci;
/*!40101 SET character_set_client = @saved_cs_client */;

--
-- Dumping data for table `password_resets`
--

LOCK TABLES `password_resets` WRITE;
/*!40000 ALTER TABLE `password_resets` DISABLE KEYS */;
/*!40000 ALTER TABLE `password_resets` ENABLE KEYS */;
UNLOCK TABLES;

--
-- Table structure for table `positions`
--

DROP TABLE IF EXISTS `positions`;
/*!40101 SET @saved_cs_client     = @@character_set_client */;
/*!40101 SET character_set_client = utf8 */;
CREATE TABLE `positions` (
  `id` int(10) unsigned NOT NULL AUTO_INCREMENT,
  `name` varchar(191) COLLATE utf8_unicode_ci NOT NULL,
  PRIMARY KEY (`id`)
) ENGINE=InnoDB AUTO_INCREMENT=11 DEFAULT CHARSET=utf8 COLLATE=utf8_unicode_ci;
/*!40101 SET character_set_client = @saved_cs_client */;

--
-- Dumping data for table `positions`
--

LOCK TABLES `positions` WRITE;
/*!40000 ALTER TABLE `positions` DISABLE KEYS */;
INSERT INTO `positions` VALUES (1,'ស្នងការ'),(2,'ស្នងការរង'),(3,'អនុការិ.កណ្តាល'),(4,'នាយការិយាល័យ'),(5,'នាយរងការិយាល័យ'),(6,'នាយផ្នែកការិ'),(7,'នាយរងផ្នែកវរ'),(8,'នាយរងផ្នែកការិ'),(9,'នាយរងផ្នែកវរ'),(10,'មន្ត្រី');
/*!40000 ALTER TABLE `positions` ENABLE KEYS */;
UNLOCK TABLES;

--
-- Table structure for table `statuses`
--

DROP TABLE IF EXISTS `statuses`;
/*!40101 SET @saved_cs_client     = @@character_set_client */;
/*!40101 SET character_set_client = utf8 */;
CREATE TABLE `statuses` (
  `id` int(10) unsigned NOT NULL AUTO_INCREMENT,
  `name` varchar(191) COLLATE utf8_unicode_ci NOT NULL,
  PRIMARY KEY (`id`)
) ENGINE=InnoDB AUTO_INCREMENT=9 DEFAULT CHARSET=utf8 COLLATE=utf8_unicode_ci;
/*!40101 SET character_set_client = @saved_cs_client */;

--
-- Dumping data for table `statuses`
--

LOCK TABLES `statuses` WRITE;
/*!40000 ALTER TABLE `statuses` DISABLE KEYS */;
INSERT INTO `statuses` VALUES (1,'មានមុខ'),(2,'ច្បាប់'),(3,'ឈឺ'),(4,'បេសកកម្ម'),(5,'រៀន'),(6,'សេរី'),(7,'ផ្ទេរ'),(8,'មរណៈ');
/*!40000 ALTER TABLE `statuses` ENABLE KEYS */;
UNLOCK TABLES;

--
-- Table structure for table `users`
--

DROP TABLE IF EXISTS `users`;
/*!40101 SET @saved_cs_client     = @@character_set_client */;
/*!40101 SET character_set_client = utf8 */;
CREATE TABLE `users` (
  `id` int(10) unsigned NOT NULL AUTO_INCREMENT,
  `name` varchar(191) COLLATE utf8_unicode_ci NOT NULL,
  `email` varchar(191) COLLATE utf8_unicode_ci NOT NULL,
  `password` varchar(191) COLLATE utf8_unicode_ci NOT NULL,
  `remember_token` varchar(100) COLLATE utf8_unicode_ci DEFAULT NULL,
  `created_at` timestamp NULL DEFAULT NULL,
  `updated_at` timestamp NULL DEFAULT NULL,
  PRIMARY KEY (`id`),
  UNIQUE KEY `users_email_unique` (`email`)
) ENGINE=InnoDB AUTO_INCREMENT=2 DEFAULT CHARSET=utf8 COLLATE=utf8_unicode_ci;
/*!40101 SET character_set_client = @saved_cs_client */;

--
-- Dumping data for table `users`
--

LOCK TABLES `users` WRITE;
/*!40000 ALTER TABLE `users` DISABLE KEYS */;
INSERT INTO `users` VALUES (1,'Putheng','t@t.t','$2y$10$AUbAuJnf10lsHZYML1k9re94vZ8cU3i9JpLL11xC2m3IkO1n3oe9W','8BLJ048gTPsANFbKdmMgzqOPvKJH4aPsAFhRdPCOhJHhHE7gdhBnpHIkvtIq','2018-05-10 09:35:44','2018-05-10 09:35:44');
/*!40000 ALTER TABLE `users` ENABLE KEYS */;
UNLOCK TABLES;
/*!40103 SET TIME_ZONE=@OLD_TIME_ZONE */;

/*!40101 SET SQL_MODE=@OLD_SQL_MODE */;
/*!40014 SET FOREIGN_KEY_CHECKS=@OLD_FOREIGN_KEY_CHECKS */;
/*!40014 SET UNIQUE_CHECKS=@OLD_UNIQUE_CHECKS */;
/*!40101 SET CHARACTER_SET_CLIENT=@OLD_CHARACTER_SET_CLIENT */;
/*!40101 SET CHARACTER_SET_RESULTS=@OLD_CHARACTER_SET_RESULTS */;
/*!40101 SET COLLATION_CONNECTION=@OLD_COLLATION_CONNECTION */;
/*!40111 SET SQL_NOTES=@OLD_SQL_NOTES */;

-- Dump completed on 2018-05-15  9:05:17
